id1,id2,label
11401396,511079,1
3569312,9442163,1
3569312,9522852,1
3569312,9549525,1
9442163,9522852,1
9442163,9549525,1
9522852,9549525,1
12658910,3213055,1
12658910,3174121,1
3213055,3174121,1
3462484,10261176,1
383933,7826253,1
7092750,7022921,1
1658211,6300974,1
13224692,3594362,1
222684,3714715,1
299592,9279844,1
14061389,13796606,1
1725102,9875432,1
10088570,10044324,1
9241428,3162167,1
12849640,9048294,1
10204663,9147746,1
3259214,10199232,1
3259214,10197402,1
10199232,10197402,1
458535,5924228,1
12653724,9632014,1
6907861,6913618,1
13322968,13275499,1
13322968,13053815,1
13275499,13053815,1
7762573,1124609,1
9295678,10184392,1
6943500,2266695,1
5881021,8820692,1
2688355,5887181,1
11889663,2380570,1
9294462,6883525,1
11638665,9261657,1
11638665,9110818,1
9261657,9110818,1
3838687,8599434,1
7224116,10030351,1
9538517,9343313,1
13185402,7756118,1
12397998,3271502,1
12397998,13451107,1
3271502,13451107,1
2396239,2463453,1
7622974,8265186,1
8662274,9822184,1
8662274,7893916,1
9822184,7893916,1
6205731,3721551,1
1635232,12346118,1
1635232,8603834,1
12346118,8603834,1
1374947,12212471,1
6405446,7984876,1
8219948,12709211,1
8219948,10807443,1
12709211,10807443,1
515017,681446,1
10442920,8933600,1
10442920,9616447,1
10442920,8932722,1
8933600,9616447,1
8933600,8932722,1
9616447,8932722,1
6579221,6539628,1
7965941,7961638,1
7965941,7760144,1
7961638,7760144,1
12188650,9961267,1
11701379,9954806,1
12888359,3228539,1
12888359,12719198,1
3228539,12719198,1
9708759,12731768,1
7484612,8321824,1
2453279,6222094,1
3831124,3078727,1
567508,6055479,1
6389341,12170989,1
11850471,6570136,1
1100921,7595775,1
8945062,8977828,1
13544278,10459492,1
3881862,10492461,1
14138894,3897673,1
9612973,9580530,1
11343991,972768,1
12046907,8264892,1
3203631,9820852,1
7032354,816274,1
1907256,6234778,1
1907256,1863928,1
6234778,1863928,1
33887,3394387,1
10308145,3769407,1
11273565,1036290,1
3286542,3399700,1
8000118,8415338,1
11112349,1115538,1
11112349,13825591,1
1115538,13825591,1
11140616,294023,1
8222055,1145388,1
8222055,8695761,1
1145388,8695761,1
9554387,8380376,1
9554387,9237811,1
8380376,9237811,1
9430019,478005,1
3553514,12720980,1
615209,11317535,1
966277,7614686,1
2733271,2502823,1
2733271,12294479,1
2502823,12294479,1
9656291,3226329,1
94392,9631110,1
12687191,6892218,1
12687191,12383998,1
6892218,12383998,1
8858766,1760011,1
9700262,187386,1
6741413,6803005,1
6741413,6694171,1
6803005,6694171,1
3385128,13023356,1
2012257,7018498,1
6686660,2007920,1
6686660,3718511,1
6686660,9843612,1
2007920,3718511,1
2007920,9843612,1
3718511,9843612,1
115655,9713830,1
12193367,12506881,1
1087327,7341255,1
8248962,8690505,1
8248962,6352711,1
8690505,6352711,1
7487142,12284645,1
12544032,9803199,1
12544032,1718553,1
12544032,12330938,1
12544032,10319794,1
9803199,1718553,1
9803199,12330938,1
9803199,10319794,1
1718553,12330938,1
1718553,10319794,1
12330938,10319794,1
12842060,10600169,1
1742657,1390858,1
10009403,9976890,1
9269681,9554390,1
7818661,11989918,1
12106397,7601478,1
2633166,2563821,1
6947717,13782164,1
9627357,10184587,1
1337072,2817503,1
17075,10292328,1
14053745,13818490,1
14053745,13810118,1
14053745,13881431,1
13818490,13810118,1
13818490,13881431,1
13810118,13881431,1
12628793,1694165,1
6538406,11797872,1
3011080,3026149,1
12846229,13742275,1
12846229,13028786,1
13742275,13028786,1
5899493,11469402,1
5899493,5861449,1
11469402,5861449,1
10179287,9418808,1
10179287,6824833,1
9418808,6824833,1
12857232,983369,1
2222944,3320042,1
2222944,10560557,1
2222944,10078449,1
3320042,10560557,1
3320042,10078449,1
10560557,10078449,1
13042832,5882264,1
7468582,12291982,1
995245,8057830,1
13135098,7774733,1
13135098,13097441,1
7774733,13097441,1
8794861,8766154,1
9841190,3744443,1
8663305,7342566,1
8663305,8080839,1
7342566,8080839,1
6863991,5888938,1
2626947,2288651,1
2626947,2629895,1
2288651,2629895,1
221004,10124532,1
14062651,12382317,1
13542645,724673,1
13148592,12626953,1
13148592,8909405,1
13148592,3186166,1
12626953,8909405,1
12626953,3186166,1
8909405,3186166,1
13785693,7085810,1
13785693,7066643,1
7085810,7066643,1
13899880,8446955,1
472247,7526507,1
13229826,12315976,1
1894613,2970290,1
1894613,12738582,1
2970290,12738582,1
8665012,11448477,1
7285270,7289212,1
7285270,7251055,1
7289212,7251055,1
12852243,13133287,1
12852243,10975982,1
13133287,10975982,1
1000300,11874919,1
1702629,1725407,1
1702629,1712971,1
1725407,1712971,1
790813,6045612,1
790813,7041022,1
6045612,7041022,1
2557785,8802815,1
8994216,3823125,1
8413111,8330978,1
8413111,7504798,1
8330978,7504798,1
10462973,1877574,1
164309,3621638,1
2920571,7471554,1
2920571,2969248,1
7471554,2969248,1
11917140,7693580,1
11917140,8351087,1
7693580,8351087,1
560423,693873,1
6402570,6326151,1
3554022,9850886,1
1983736,6568518,1
1983736,8376656,1
6568518,8376656,1
10045346,8599682,1
12390337,3693802,1
5960787,2223694,1
5960787,1354187,1
2223694,1354187,1
12666231,12579509,1
11617515,10216465,1
12353429,8658990,1
6145193,562172,1
6499776,11226809,1
7246443,894903,1
6829519,9241139,1
6968423,13838324,1
6968423,13394580,1
13838324,13394580,1
6785210,13559230,1
2658622,11493536,1
13483674,7447002,1
5967213,470887,1
6907181,3229220,1
13659423,9022297,1
10836165,8809482,1
10267222,10170736,1
13521956,12724985,1
13521956,13347990,1
12724985,13347990,1
14048147,3811129,1
13536100,3232470,1
13536100,12508429,1
3232470,12508429,1
9842572,13219341,1
423624,647385,1
399847,9257305,1
7779346,6490887,1
10520838,947456,1
6857538,1856884,1
6857538,1049292,1
1856884,1049292,1
3904931,3904925,1
3904931,3904927,1
3904925,3904927,1
1413864,1373162,1
11894822,10944526,1
10067806,9637253,1
12285532,8498282,1
357462,12753918,1
652904,6115154,1
652904,6084407,1
6115154,6084407,1
1007921,8411257,1
8528109,8505853,1
8528109,8422352,1
8528109,7708994,1
8505853,8422352,1
8505853,7708994,1
8422352,7708994,1
12926553,3623533,1
12926553,2420048,1
3623533,2420048,1
10301138,144120,1
8267676,6341534,1
189630,12891225,1
3570119,4168278,1
468951,11815601,1
468951,674107,1
11815601,674107,1
3839559,11420615,1
13617535,3284863,1
11670317,3927542,1
11670317,3096327,1
11670317,4112454,1
3927542,3096327,1
3927542,4112454,1
3096327,4112454,1
11401604,1951967,1
1834738,8420758,1
9013904,6716760,1
1102141,976825,1
1102141,11598617,1
976825,11598617,1
6895294,12042583,1
6749252,6724085,1
6749252,5894293,1
6724085,5894293,1
10973484,3685292,1
10973484,10401729,1
10973484,10988860,1
3685292,10401729,1
3685292,10988860,1
10401729,10988860,1
14116486,12331902,1
6838025,2135460,1
3832310,10160302,1
3832310,4083399,1
10160302,4083399,1
7955799,8173653,1
7955799,8332953,1
8173653,8332953,1
13715811,4002292,1
7082495,8428365,1
9362652,13205206,1
694266,674067,1
4088659,6587255,1
4088659,11707590,1
6587255,11707590,1
3545118,806845,1
2693890,5842843,1
8897674,3816088,1
7493773,3944062,1
9490548,12638109,1
1632272,7643576,1
1482711,7017327,1
7224106,7192475,1
7224106,7219592,1
7192475,7219592,1
10580517,6964685,1
10580517,6955234,1
6964685,6955234,1
11691467,2173848,1
3186622,221164,1
10310297,6996257,1
1143397,6616462,1
960098,11320698,1
13500590,12763207,1
10119191,165699,1
13263109,11082022,1
13263109,3234730,1
11082022,3234730,1
218724,9869907,1
917661,7236276,1
917661,844436,1
7236276,844436,1
11251328,11863731,1
2596409,2311619,1
2596409,2370727,1
2311619,2370727,1
1226103,1287082,1
1226103,904904,1
1287082,904904,1
7061919,7089763,1
8003163,10735451,1
8003163,8735916,1
10735451,8735916,1
1211683,1481793,1
7506421,8783573,1
12648899,12787153,1
12648899,6738935,1
12787153,6738935,1
10141184,1891957,1
10141184,2071523,1
1891957,2071523,1
13047523,9890670,1
6302144,621714,1
8276363,8056798,1
8673849,9840383,1
8673849,6308303,1
8673849,6350740,1
9840383,6308303,1
9840383,6350740,1
6308303,6350740,1
7167253,804571,1
13775392,13045031,1
13775392,12341265,1
13045031,12341265,1
6108259,7247119,1
6108259,768243,1
6108259,11821688,1
7247119,768243,1
7247119,11821688,1
768243,11821688,1
6750507,12289534,1
7158763,774196,1
9123314,377032,1
9123314,9173654,1
377032,9173654,1
599191,6064224,1
7411000,11225167,1
7411000,11578218,1
11225167,11578218,1
1352208,2226833,1
1352208,3666021,1
2226833,3666021,1
9304250,12403445,1
9304250,10592234,1
12403445,10592234,1
13726843,3047054,1
13726843,3048448,1
3047054,3048448,1
9537572,10518490,1
10859729,596905,1
854247,7265664,1
854247,7265665,1
854247,925784,1
7265664,7265665,1
7265664,925784,1
7265665,925784,1
3192853,3504776,1
883607,8726939,1
4006827,4179185,1
4006827,4169659,1
4006827,2977076,1
4006827,2968550,1
4179185,4169659,1
4179185,2977076,1
4179185,2968550,1
4169659,2977076,1
4169659,2968550,1
2977076,2968550,1
10842778,8874684,1
2556472,2611468,1
13159913,13599304,1
6532662,610042,1
6532662,3046792,1
610042,3046792,1
13237889,141249,1
2195861,10024725,1
722966,811879,1
6349068,1189644,1
3154210,14047036,1
3154210,6990128,1
14047036,6990128,1
3322215,12652957,1
3322215,9654266,1
12652957,9654266,1
12090650,6327030,1
1713650,9899944,1
12339219,3248097,1
12339219,9870073,1
12339219,3297138,1
3248097,9870073,1
3248097,3297138,1
9870073,3297138,1
9706797,9705395,1
9706797,91147,1
9705395,91147,1
2868443,3034312,1
12282234,3547725,1
6199157,6200427,1
3212154,7397417,1
3212154,13543288,1
3212154,3373161,1
3212154,9841834,1
7397417,13543288,1
7397417,3373161,1
7397417,9841834,1
13543288,3373161,1
13543288,9841834,1
3373161,9841834,1
6434989,6439790,1
6434989,6439783,1
6439790,6439783,1
6976589,6957402,1
8029325,515584,1
9150719,9269275,1
9150719,9089075,1
9269275,9089075,1
10339747,12621018,1
10339747,13138863,1
12621018,13138863,1
2666562,2038708,1
10969654,10996010,1
12712246,3620089,1
9633412,1123843,1
6861323,5901043,1
9730514,8257382,1
9730514,9635821,1
8257382,9635821,1
578029,6141305,1
3302331,8060343,1
5877773,10048113,1
5877773,12713315,1
10048113,12713315,1
11310960,11203713,1
12631997,695094,1
12631997,3348953,1
695094,3348953,1
6850087,8809524,1
1374802,10569992,1
1856627,1866055,1
1225315,13724615,1
1731845,12797233,1
7227995,12086031,1
9784069,12657535,1
1489387,7051743,1
7046491,7036693,1
7046491,4012198,1
7036693,4012198,1
6651383,10375468,1
10305124,1424015,1
3277253,13148244,1
9934133,9654711,1
9934133,9863980,1
9654711,9863980,1
1538178,8097716,1
7634039,11618869,1
10570538,13359913,1
7889414,8574597,1
7889414,8043090,1
8574597,8043090,1
12529786,2399512,1
1109660,7400091,1
11886165,9378608,1
2376763,10952178,1
12930826,12503444,1
12930826,9331610,1
12930826,7768628,1
12503444,9331610,1
12503444,7768628,1
9331610,7768628,1
12551248,474376,1
12551248,5937743,1
474376,5937743,1
8403701,2569235,1
8403701,2688158,1
2569235,2688158,1
8540149,8324114,1
8540149,2995613,1
8324114,2995613,1
10419635,10544873,1
3888599,11059765,1
3258009,12923272,1
7221037,2616567,1
13142403,12369254,1
13142403,2248566,1
12369254,2248566,1
7960451,4004389,1
3245020,12766404,1
2272126,10341258,1
9947083,3679288,1
13170868,3201382,1
13170868,9421884,1
13170868,10519015,1
13170868,9371985,1
13170868,10583505,1
3201382,9421884,1
3201382,10519015,1
3201382,9371985,1
3201382,10583505,1
9421884,10519015,1
9421884,9371985,1
9421884,10583505,1
10519015,9371985,1
10519015,10583505,1
9371985,10583505,1
9376723,13050242,1
1181113,11602873,1
1059265,6067988,1
6546429,4016699,1
9217500,13850689,1
12554909,3398730,1
13911374,13852394,1
7395057,7948079,1
7395057,8318834,1
7948079,8318834,1
3367972,3720925,1
3367972,9935994,1
3720925,9935994,1
10513000,10038424,1
9637282,2728073,1
12397053,8915595,1
10454379,9797957,1
10454379,1145368,1
9797957,1145368,1
10586713,12387223,1
9914723,9842898,1
11329892,1149126,1
12538295,3872103,1
13073008,6990096,1
3571262,9631495,1
6140615,581757,1
2017152,11849315,1
6651805,6572046,1
284881,1216559,1
13348130,6622925,1
9603118,2164783,1
6152787,11843145,1
12706873,8466825,1
6142517,693440,1
6142517,747919,1
6142517,741401,1
693440,747919,1
693440,741401,1
747919,741401,1
6097593,3708943,1
13272815,9107370,1
6409630,10258183,1
1088837,7854672,1
8748023,6791258,1
8748023,378722,1
8748023,8833994,1
6791258,378722,1
6791258,8833994,1
378722,8833994,1
6417309,11343524,1
3164207,9604647,1
8436438,868586,1
2341590,6228519,1
8791647,2326773,1
8039799,7076288,1
6579338,3974558,1
8331911,12826035,1
7038325,600539,1
7038325,7096727,1
600539,7096727,1
2451363,10339265,1
2451363,13153396,1
10339265,13153396,1
3034402,3839713,1
7141661,5862519,1
2360647,2735481,1
2061673,11910115,1
2061673,9147373,1
11910115,9147373,1
1703764,13120103,1
498422,718580,1
13062600,9356688,1
416666,7254796,1
13149514,6784826,1
13149514,13390625,1
6784826,13390625,1
6588335,7247795,1
9219468,13464062,1
3572131,8509208,1
454816,6086089,1
12523623,1078873,1
6420267,11995146,1
6420267,7701334,1
6420267,8380828,1
11995146,7701334,1
11995146,8380828,1
7701334,8380828,1
8365798,4134388,1
12654720,8660627,1
10397053,10122045,1
9290882,2804447,1
3269414,12495117,1
12366377,3673035,1
9923414,95705,1
1802521,1275901,1
12648656,10830540,1
13392372,13234932,1
13392372,13019678,1
13234932,13019678,1
11387235,8604325,1
13816750,8689897,1
10058517,11172455,1
12045766,6490755,1
8885825,2420675,1
3555513,12822491,1
14006269,3041886,1
7200336,944780,1
7342937,13855498,1
6291505,6285447,1
2987559,2820384,1
9699074,3241543,1
1742965,9932594,1
1742965,9667486,1
9932594,9667486,1
14143736,6518580,1
9522965,13972590,1
9522965,13969232,1
13972590,13969232,1
3982524,8281036,1
3982524,8101015,1
3982524,3826613,1
8281036,8101015,1
8281036,3826613,1
8101015,3826613,1
8387590,9214903,1
6990505,10452101,1
6967972,2255092,1
7314856,13785890,1
1970758,11455241,1
7455438,7978354,1
7455438,820143,1
7978354,820143,1
2726218,8828639,1
2726218,1052842,1
8828639,1052842,1
10689420,319798,1
2681135,2397360,1
2681135,2455508,1
2681135,11923138,1
2397360,2455508,1
2397360,11923138,1
2455508,11923138,1
2983932,11251091,1
10229970,3145550,1
10229970,10176488,1
3145550,10176488,1
3282338,38803,1
3282338,13036250,1
38803,13036250,1
4004859,11396866,1
7053385,8556844,1
7053385,7777643,1
8556844,7777643,1
11579391,11648170,1
11579391,1164736,1
11579391,11628018,1
11648170,1164736,1
11648170,11628018,1
1164736,11628018,1
6614729,11468211,1
6614729,13908026,1
11468211,13908026,1
186655,11136648,1
1989828,2006687,1
3274667,12515996,1
10990729,2079671,1
11982329,7996473,1
10363523,10062003,1
429997,436424,1
2931354,3714591,1
14143959,2876302,1
14182849,3915480,1
1695673,9702482,1
2135625,9520924,1
3344078,2476129,1
12713493,6721001,1
10166995,9094433,1
10166995,9357449,1
9094433,9357449,1
9001440,10088670,1
10986908,2393804,1
6859643,2279134,1
6859643,6851806,1
2279134,6851806,1
13189749,163405,1
7533716,1149824,1
12392022,6860571,1
136854,9268181,1
9355262,10177452,1
1829676,1491167,1
9153796,337666,1
5875538,6718122,1
2732239,6249219,1
12740573,6791173,1
10656972,2994004,1
3841118,4168043,1
1049091,6331515,1
1049091,3381791,1
1049091,1387715,1
1049091,6836052,1
1049091,9746723,1
6331515,3381791,1
6331515,1387715,1
6331515,6836052,1
6331515,9746723,1
3381791,1387715,1
3381791,6836052,1
3381791,9746723,1
1387715,6836052,1
1387715,9746723,1
6836052,9746723,1
12282793,13076031,1
2598582,3336315,1
2598582,12299918,1
2598582,2717425,1
3336315,12299918,1
3336315,2717425,1
12299918,2717425,1
12657117,13237333,1
5842,118672,1
3944597,3102272,1
3944597,1760680,1
3102272,1760680,1
11808324,1238480,1
6491272,6362636,1
876519,7281351,1
11915880,7753781,1
9160181,3352781,1
9160181,12754893,1
9160181,6618836,1
3352781,12754893,1
3352781,6618836,1
12754893,6618836,1
1160366,11290603,1
11809818,5949123,1
6323183,8702244,1
12626512,10413165,1
6998474,7970268,1
6828505,10572292,1
6828505,12525218,1
10572292,12525218,1
6741346,6731787,1
13692469,189443,1
6757020,13086993,1
8662330,1527029,1
580434,6065862,1
580434,8428284,1
6065862,8428284,1
9422717,9525341,1
13723251,11771931,1
357735,8777941,1
10325470,2816214,1
3384726,13792242,1
325299,9199444,1
9794703,3446935,1
164996,1441904,1
8422318,6429909,1
10142699,1293262,1
12799225,405269,1
7759516,3567591,1
281212,6581983,1
6298831,3834887,1
65659,9778300,1
13224567,8666657,1
6242028,2391384,1
6242028,2359477,1
6242028,10539537,1
2391384,2359477,1
2391384,10539537,1
2359477,10539537,1
10289591,10538854,1
8230282,1088908,1
8230282,7998017,1
1088908,7998017,1
13896872,9732512,1
3266763,8664451,1
9934314,731793,1
9560155,8952594,1
9267608,363535,1
13999872,6500612,1
13999872,10674964,1
6500612,10674964,1
1906313,1853758,1
8667078,71664,1
12518653,6831728,1
6236812,6264155,1
6236812,2728393,1
6264155,2728393,1
813489,6131443,1
10523356,10072682,1
9295644,13478094,1
9180801,6280732,1
9180801,3696652,1
6280732,3696652,1
6502428,13264424,1
6502428,11762414,1
13264424,11762414,1
12741927,9473624,1
11469328,5901732,1
966251,1183603,1
966251,8410930,1
1183603,8410930,1
2751680,9128712,1
12964688,2751524,1
12964688,9976751,1
2751524,9976751,1
6142643,11850014,1
2413236,6874906,1
2413236,3714397,1
2413236,10973225,1
2413236,2717205,1
6874906,3714397,1
6874906,10973225,1
6874906,2717205,1
3714397,10973225,1
3714397,2717205,1
10973225,2717205,1
10492433,10346120,1
12913193,3699742,1
9079146,8573932,1
8810660,8801905,1
10764730,13214813,1
10764730,2942923,1
13214813,2942923,1
2048983,2041675,1
2048983,2103411,1
2041675,2103411,1
12037802,7635056,1
13803581,3144446,1
3700439,13157191,1
6823005,12497968,1
13899165,12325433,1
13547328,3547411,1
9794708,9633968,1
13137646,3208560,1
7207780,10063200,1
7207780,10037021,1
10063200,10037021,1
6833506,13530145,1
8897014,3773708,1
2044876,2165550,1
339353,254660,1
1817173,11231071,1
10559431,10043088,1
8786835,5961743,1
8786835,8578715,1
5961743,8578715,1
2699063,8775325,1
2699063,10318016,1
2699063,2552578,1
2699063,10988519,1
8775325,10318016,1
8775325,2552578,1
8775325,10988519,1
10318016,2552578,1
10318016,10988519,1
2552578,10988519,1
13105132,12787296,1
3974984,13119801,1
3339218,13275960,1
3724860,3322736,1
3724860,9360463,1
3724860,8538948,1
3724860,9198356,1
3322736,9360463,1
3322736,8538948,1
3322736,9198356,1
9360463,8538948,1
9360463,9198356,1
8538948,9198356,1
2089120,11885231,1
9333421,6083782,1
13884766,13033178,1
9593096,1367530,1
9593096,2244246,1
1367530,2244246,1
7294400,12876275,1
10210601,9314561,1
10210601,6617209,1
9314561,6617209,1
11764094,12378715,1
10466305,14073902,1
11051199,4007904,1
8002474,12832039,1
6411887,13714669,1
7221920,10596473,1
926957,693668,1
1290223,453450,1
6219197,1878579,1
121124,92419,1
7938158,12092700,1
2316180,12540654,1
2439331,2406626,1
2439331,3288588,1
2406626,3288588,1
6390110,7054397,1
2958759,11213578,1
2696293,2018817,1
12222741,12549728,1
3347658,3327455,1
3347658,9678251,1
3327455,9678251,1
7471087,11274137,1
3724152,2049614,1
3724152,2070845,1
2049614,2070845,1
997075,12155018,1
13936101,13872302,1
13936101,13865185,1
13872302,13865185,1
8372238,10986316,1
8372238,8071539,1
10986316,8071539,1
13152514,1018401,1
13152514,1055104,1
13152514,69174,1
1018401,1055104,1
1018401,69174,1
1055104,69174,1
3987922,7507502,1
13906554,13544578,1
12699645,13241822,1
12699645,12398528,1
13241822,12398528,1
12945817,3292452,1
13926628,13615347,1
11973793,8226584,1
12955490,13688950,1
9381826,12500071,1
12173453,8406663,1
305179,9087574,1
579992,3051717,1
1541782,7068752,1
7983419,8017628,1
7983419,7868258,1
8017628,7868258,1
4185621,8625021,1
178764,146828,1
12607819,5909324,1
6496510,6412687,1
6496510,6394984,1
6412687,6394984,1
1052953,9010303,1
7483633,10144084,1
709154,7175024,1
13909658,2609271,1
13909658,2465880,1
2609271,2465880,1
9265188,9338746,1
9265188,9288678,1
9338746,9288678,1
279261,9276871,1
10799261,8755389,1
12811452,9332209,1
12811452,13178876,1
9332209,13178876,1
13527009,937734,1
13527009,8671292,1
937734,8671292,1
2925872,11240532,1
2197374,10238998,1
2746371,10095009,1
1650708,12125515,1
1650708,7389702,1
12125515,7389702,1
5959642,7168872,1
8572067,7115139,1
8427221,714868,1
8427221,8254303,1
714868,8254303,1
6917175,9800651,1
6917175,13281520,1
6917175,13327924,1
6917175,12535760,1
6917175,12833426,1
9800651,13281520,1
9800651,13327924,1
9800651,12535760,1
9800651,12833426,1
13281520,13327924,1
13281520,12535760,1
13281520,12833426,1
13327924,12535760,1
13327924,12833426,1
12535760,12833426,1
8462359,6375850,1
12113057,12023160,1
12113057,7034622,1
12113057,11947607,1
12023160,7034622,1
12023160,11947607,1
7034622,11947607,1
3754466,8979089,1
6904784,7664617,1
6133312,472343,1
6133312,618672,1
472343,618672,1
3340423,13269824,1
2807339,13266456,1
11319229,9463876,1
10164508,11379156,1
8219484,6465133,1
6044122,6155402,1
3734715,12857539,1
13040675,10298979,1
3202533,3691852,1
9086696,6746329,1
9364949,3688228,1
9263924,248005,1
8793036,9358029,1
8793036,10316451,1
9358029,10316451,1
6031689,649704,1
12714311,3490521,1
2658648,10988244,1
10316096,10521484,1
1325106,9310982,1
1325106,1408660,1
1325106,9591413,1
9310982,1408660,1
9310982,9591413,1
1408660,9591413,1
3427462,9912063,1
3790450,8976290,1
3598127,1747105,1
3704554,3565020,1
9545049,6645830,1
9545049,9341273,1
6645830,9341273,1
12486402,5895614,1
12486402,10385361,1
5895614,10385361,1
984940,11958009,1
7183893,808475,1
3025850,10687825,1
3246262,11928373,1
7882319,8341840,1
7581883,8664190,1
2697558,6272000,1
2697558,5843315,1
6272000,5843315,1
4005019,8358669,1
13239780,11999226,1
13239780,10566505,1
11999226,10566505,1
13932546,11892693,1
7947218,11942458,1
3729232,13557811,1
3729232,9263821,1
13557811,9263821,1
13162570,3889585,1
2034926,2089902,1
1388755,3784417,1
7938209,812540,1
11401864,11408146,1
8018574,7748678,1
8018574,9755410,1
7748678,9755410,1
13080717,11236214,1
263098,1101512,1
8602289,8177553,1
12746166,6785823,1
3173259,9774519,1
1821409,1792642,1
1821409,1634523,1
1792642,1634523,1
13532897,6215425,1
2386116,6221787,1
5944058,991896,1
5944058,1386048,1
991896,1386048,1
13244365,3299871,1
1737437,13371129,1
12488550,8905878,1
7354792,1013014,1
9616945,8027700,1
9616945,9571868,1
8027700,9571868,1
6111813,478911,1
767160,6023633,1
3185809,3142978,1
3185809,3126607,1
3185809,3603018,1
3142978,3126607,1
3142978,3603018,1
3126607,3603018,1
12757618,9045937,1
2006015,2024950,1
2006015,336860,1
2024950,336860,1
3109764,9378017,1
11880272,9320132,1
3983789,3240735,1
3983789,13887308,1
3983789,8530034,1
3240735,13887308,1
3240735,8530034,1
13887308,8530034,1
7894737,1090096,1
1747549,9845425,1
683957,6173481,1
13350983,1758683,1
2457398,6227905,1
8914809,10518560,1
7958389,12099163,1
13176106,1710460,1
7996849,12239996,1
12512581,6782209,1
7003940,2662895,1
7003940,13743961,1
2662895,13743961,1
4169977,4046884,1
11619134,12019614,1
2173303,12717890,1
2173303,1375057,1
12717890,1375057,1
13260447,293357,1
14047033,9397961,1
4009002,2878768,1
4009002,471912,1
2878768,471912,1
11260767,11203796,1
1208439,731340,1
253960,2567083,1
8930105,8978069,1
8930105,8909292,1
8978069,8909292,1
3770180,8979034,1
946515,7494278,1
946515,8492777,1
7494278,8492777,1
9666566,812211,1
9666566,806063,1
812211,806063,1
7843976,8285055,1
7843976,12031080,1
8285055,12031080,1
13871502,13872009,1
12955683,11092337,1
12955683,9472410,1
11092337,9472410,1
13015274,6751086,1
9218448,6822721,1
478316,5997216,1
3680399,1777494,1
2536486,10303853,1
2536486,9364427,1
2536486,2628079,1
10303853,9364427,1
10303853,2628079,1
9364427,2628079,1
12398409,12339358,1
12398409,3571794,1
12398409,3287579,1
12398409,9240046,1
12339358,3571794,1
12339358,3287579,1
12339358,9240046,1
3571794,3287579,1
3571794,9240046,1
3287579,9240046,1
11308728,8239809,1
3950329,12646038,1
3950329,9774530,1
12646038,9774530,1
12910341,2662061,1
7186968,7184994,1
3284702,7123957,1
10989248,2633346,1
1492859,8289468,1
2835762,66652,1
965008,3257346,1
13699895,13564034,1
142052,10565512,1
556163,6025040,1
293086,9292847,1
293086,356391,1
9292847,356391,1
11410879,10641895,1
8018256,1148401,1
8018256,946778,1
8018256,3272933,1
8018256,1183501,1
1148401,946778,1
1148401,3272933,1
1148401,1183501,1
946778,3272933,1
946778,1183501,1
3272933,1183501,1
96658,31351,1
446954,2739624,1
13769523,7466638,1
13769523,7634394,1
7466638,7634394,1
8069344,6819693,1
8359259,12120461,1
8741728,10851942,1
774842,7973420,1
12154135,7399387,1
6554710,6008814,1
11596725,941373,1
11596725,11589225,1
941373,11589225,1
11331426,8075411,1
6118155,6162724,1
6118155,11413979,1
6162724,11413979,1
10497395,2181611,1
1533966,8066570,1
9935306,3707126,1
3178440,13008323,1
13123956,13123955,1
6840376,9537543,1
11116285,11153284,1
1524371,6909542,1
1524371,1713896,1
6909542,1713896,1
6737166,12294455,1
3764735,9001118,1
1374072,9613154,1
2564954,2382863,1
1738110,9632833,1
11118779,3986324,1
8071135,13785364,1
11901297,7208274,1
9911727,3673709,1
6816489,13586681,1
6057919,6150323,1
6057919,734148,1
6150323,734148,1
9092123,9341079,1
9092123,9290983,1
9341079,9290983,1
9768728,3545961,1
11285908,11213386,1
11796509,11683251,1
11796509,11767223,1
11683251,11767223,1
972331,8493367,1
857974,859222,1
12491418,12763838,1
3779026,8917556,1
570255,5930561,1
1428141,11299428,1
1428141,1744811,1
11299428,1744811,1
12157526,8049176,1
3623441,14078047,1
967277,5888102,1
3257225,11892118,1
3257225,12521690,1
11892118,12521690,1
7212329,10138133,1
3692934,13283985,1
3692934,12317052,1
13283985,12317052,1
3336081,9726471,1
13756912,7304109,1
3812035,8891564,1
13395522,10316991,1
8534076,12007050,1
2125590,1696687,1
10368115,13072706,1
10368115,8871458,1
13072706,8871458,1
11658208,11107293,1
12719546,13540698,1
12719546,13625461,1
13540698,13625461,1
446565,13103940,1
8080689,3694633,1
10043288,10598548,1
6532195,13794847,1
9736324,9847024,1
971396,7861332,1
1977093,12105760,1
12854978,9775601,1
11700607,11717486,1
8898687,3792810,1
6164257,11832540,1
6164257,10625448,1
11832540,10625448,1
7178453,533263,1
3211302,9864338,1
2985379,6893149,1
11067654,11075015,1
3726842,9809969,1
3726842,9198122,1
9809969,9198122,1
6797891,13094593,1
10386678,6951708,1
7330417,278706,1
9784601,3228298,1
11112236,1441485,1
11112236,11034554,1
1441485,11034554,1
6475258,1488077,1
7604224,6377800,1
7604224,7986119,1
6377800,7986119,1
3823274,8993443,1
13676238,11883047,1
6694978,13002155,1
3773900,3811537,1
10985979,2750932,1
11470772,10215675,1
11470772,9443303,1
10215675,9443303,1
10700764,2995016,1
10700764,2535429,1
10700764,10756550,1
2995016,2535429,1
2995016,10756550,1
2535429,10756550,1
2207378,10576177,1
8564392,12125158,1
8271678,6500256,1
10667243,611011,1
54854,98083,1
12829007,5863577,1
12829007,12715538,1
12829007,3713045,1
5863577,12715538,1
5863577,3713045,1
12715538,3713045,1
10588761,2125287,1
10588761,10444451,1
2125287,10444451,1
11838404,968171,1
11838404,1132869,1
968171,1132869,1
10933778,1379498,1
7438611,12515528,1
11565102,6891605,1
11565102,5862533,1
6891605,5862533,1
12493103,9570737,1
9842014,8777892,1
10317458,12641903,1
8380819,1448872,1
9956966,13119369,1
8695897,6456243,1
6044890,1371028,1
301519,9120025,1
10583799,9435458,1
10583799,14079437,1
9435458,14079437,1
3795934,8908980,1
240860,13037199,1
240860,14078127,1
240860,10357894,1
13037199,14078127,1
13037199,10357894,1
14078127,10357894,1
10961769,6247661,1
8558052,7001496,1
6440860,8325872,1
6440860,7479490,1
8325872,7479490,1
6845682,6835378,1
6845682,2135109,1
6845682,9041396,1
6835378,2135109,1
6835378,9041396,1
2135109,9041396,1
11216632,1682028,1
7632035,4085876,1
13516351,3759914,1
464777,632940,1
3327952,9479256,1
7631249,11997546,1
619416,13499849,1
943314,7479516,1
12715359,13621130,1
12715359,12921423,1
13621130,12921423,1
7003217,2007791,1
1470869,1448998,1
6830764,13104451,1
6830764,13161391,1
13104451,13161391,1
10038840,2225058,1
9683383,9729635,1
9683383,3264149,1
9729635,3264149,1
11561170,8797229,1
7753936,13723300,1
2878074,338635,1
13544343,12536284,1
3760070,9020170,1
13515448,3189505,1
6087541,6002908,1
3176764,2451253,1
8342298,1131678,1
8342298,12777641,1
1131678,12777641,1
3075690,6336957,1
8327063,12187342,1
475040,1791504,1
3900284,4171743,1
6596725,1712125,1
1764234,13317126,1
10463719,10522743,1
10463719,10600897,1
10463719,8914579,1
10463719,8909536,1
10522743,10600897,1
10522743,8914579,1
10522743,8909536,1
10600897,8914579,1
10600897,8909536,1
8914579,8909536,1
9301078,4183244,1
12137286,12021773,1
12137286,10417310,1
12021773,10417310,1
12124286,8331010,1
4003470,3936911,1
4003470,3826934,1
3936911,3826934,1
10788660,4053850,1
6063585,6568978,1
6063585,6065042,1
6568978,6065042,1
2212994,10476566,1
2212994,10341546,1
10476566,10341546,1
573334,8661363,1
6716607,9381007,1
166944,1433927,1
2723606,2066534,1
10177221,10598309,1
6755369,6657009,1
6755369,13515231,1
6657009,13515231,1
682929,6112520,1
1144133,7884483,1
8536075,8464582,1
6778687,11913118,1
6024883,10627623,1
12754632,6793186,1
12754632,7036324,1
6793186,7036324,1
3556787,2378216,1
3556787,9108653,1
2378216,9108653,1
3552683,9844348,1
3695672,6305423,1
12109544,11953438,1
12174602,2758798,1
6795296,3319995,1
12802944,10201596,1
2461386,13723012,1
13128938,6783917,1
13466872,382190,1
8772052,10381133,1
615797,9682033,1
615797,656573,1
9682033,656573,1
1674273,905008,1
3099119,3948151,1
1988728,13537250,1
8801171,11368377,1
1490155,7022648,1
1490155,7082720,1
7022648,7082720,1
13258151,3372209,1
13258151,3273553,1
3372209,3273553,1
7194034,3806673,1
10020143,10580096,1
8537787,984576,1
8537787,8016291,1
984576,8016291,1
2663719,2614269,1
11296666,8569706,1
11296666,10837534,1
8569706,10837534,1
7707442,11997821,1
13421076,9177139,1
1401386,12090501,1
12607308,10184185,1
9250145,10386175,1
9250145,7726699,1
9250145,12287842,1
10386175,7726699,1
10386175,12287842,1
7726699,12287842,1
2257595,9468594,1
7835006,8710047,1
1949547,7758447,1
5885755,189747,1
1399965,3477635,1
9748552,3254008,1
6938707,2166169,1
8438831,189431,1
8438831,199726,1
189431,199726,1
8000770,3992765,1
8000770,6376559,1
3992765,6376559,1
6430888,12768669,1
8328369,7090739,1
12651579,9381346,1
7716249,7972638,1
3672329,9861971,1
2893363,2396335,1
2893363,2960573,1
2396335,2960573,1
14144398,1597194,1
2711284,9316054,1
6788846,14075903,1
11637169,8065908,1
499515,6145046,1
6112012,7186718,1
6507475,13140689,1
6507475,12676928,1
13140689,12676928,1
11253186,8029095,1
9217501,9111856,1
9217501,9046619,1
9111856,9046619,1
13542516,1743048,1
13542516,13267520,1
1743048,13267520,1
3343390,3381101,1
3343390,13135016,1
3381101,13135016,1
12019301,8257212,1
1059252,305904,1
13995126,121049,1
7719878,8620744,1
6729847,12368275,1
6729847,6615626,1
6729847,12647801,1
12368275,6615626,1
12368275,12647801,1
6615626,12647801,1
12561570,3567721,1
13170159,3692973,1
13170159,222340,1
3692973,222340,1
1885488,10457944,1
9982687,13135811,1
9982687,167227,1
13135811,167227,1
12736797,1089911,1
2115197,2235839,1
6318159,1452262,1
6318159,983235,1
1452262,983235,1
7302411,6505075,1
714828,872666,1
521006,1190503,1
7198429,10320132,1
7198429,10495465,1
10320132,10495465,1
1131252,8170155,1
7368190,12102962,1
13253119,9667135,1
13277585,1717707,1
13171144,12759007,1
13171144,13274796,1
12759007,13274796,1
13130849,6328574,1
12310285,6649902,1
8000668,949837,1
1068236,8570013,1
1068236,8370910,1
8570013,8370910,1
11614986,8149131,1
8101125,13714771,1
12914016,7991105,1
6787816,11463227,1
517143,9844538,1
517143,9779450,1
9844538,9779450,1
8427179,7445715,1
3667081,9799622,1
9380230,9518716,1
13224290,3620179,1
304579,10186647,1
1320062,10578795,1
1320062,3086988,1
1320062,1322722,1
10578795,3086988,1
10578795,1322722,1
3086988,1322722,1
9526046,3138553,1
8413447,6601858,1
11012562,10831205,1
9728760,3490579,1
8703745,935492,1
8263460,13516912,1
10806806,2929683,1
10806806,10735083,1
10806806,2869749,1
2929683,10735083,1
2929683,2869749,1
10735083,2869749,1
6284216,2284240,1
936894,13532310,1
936894,13088618,1
13532310,13088618,1
7717868,8070480,1
7717868,7471029,1
8070480,7471029,1
9652213,8821854,1
13034541,11710822,1
13034541,11702377,1
13034541,3244981,1
11710822,11702377,1
11710822,3244981,1
11702377,3244981,1
240726,9109966,1
1130322,8095843,1
1130322,8018818,1
8095843,8018818,1
12603628,6763232,1
7790156,7353373,1
7067696,7287728,1
6756192,13028618,1
2131323,13635060,1
2131323,10066646,1
13635060,10066646,1
2017474,7445725,1
2740827,10115813,1
844536,8340293,1
7653608,4112339,1
12936328,10106324,1
12936328,10115678,1
10106324,10115678,1
13229416,1766732,1
11973233,9793333,1
2003048,1999432,1
1433907,113497,1
8605798,779878,1
8605798,10185786,1
779878,10185786,1
1074014,11237167,1
1016538,291904,1
1016538,13755305,1
291904,13755305,1
11805472,6313862,1
203150,10746155,1
3734563,3910940,1
3171536,12292006,1
3171536,7987260,1
12292006,7987260,1
10702645,2853207,1
10702645,2958731,1
2853207,2958731,1
10701961,2883785,1
4147835,3974735,1
7967263,12254454,1
7967263,3304615,1
12254454,3304615,1
285155,9243014,1
9578809,10938387,1
9578809,2090347,1
10938387,2090347,1
2190674,2116183,1
2190674,13532043,1
2116183,13532043,1
2728184,2667651,1
1156892,11366770,1
880028,7066579,1
2878510,10678938,1
3458001,13510714,1
6493375,8644315,1
6493375,6407995,1
8644315,6407995,1
6793564,1821306,1
6793564,284343,1
1821306,284343,1
1695489,3398775,1
1239494,1287743,1
8510521,13025214,1
1691127,9726589,1
1078710,7422699,1
9935166,11769321,1
9935166,11728633,1
9935166,3355078,1
9935166,218825,1
11769321,11728633,1
11769321,3355078,1
11769321,218825,1
11728633,3355078,1
11728633,218825,1
3355078,218825,1
8491056,9913689,1
7555532,2465911,1
7555532,2537030,1
2465911,2537030,1
553918,669739,1
553918,9953254,1
669739,9953254,1
4038584,11772197,1
3451861,3287837,1
12948860,1395176,1
1075875,8457687,1
3098929,3012600,1
3098929,2966078,1
3012600,2966078,1
10524407,13168329,1
10524407,11919178,1
10524407,6264233,1
13168329,11919178,1
13168329,6264233,1
11919178,6264233,1
10577388,2225181,1
1446725,7097500,1
8998356,3785091,1
2815901,7342567,1
1054747,6376378,1
1054747,6316777,1
6376378,6316777,1
3621938,3708782,1
13151367,12829063,1
13151367,13253761,1
12829063,13253761,1
3261853,13144284,1
3261853,1297889,1
13144284,1297889,1
1133988,1016905,1
1133988,8069936,1
1016905,8069936,1
10052584,10071626,1
10052584,7158319,1
10052584,3697830,1
10071626,7158319,1
10071626,3697830,1
7158319,3697830,1
235650,8626594,1
634622,6741002,1
1365827,1365826,1
12614399,5849409,1
3560917,1700140,1
2182199,9182029,1
12958409,9063008,1
2977323,990889,1
2977323,11344439,1
2977323,8305209,1
990889,11344439,1
990889,8305209,1
11344439,8305209,1
2339896,2468863,1
13035967,3290092,1
3208669,2056939,1
3208669,2084445,1
2056939,2084445,1
13180667,12385531,1
10856106,10855453,1
12836000,12807391,1
1633076,11278534,1
10732073,10712747,1
10732073,2933471,1
10712747,2933471,1
9656690,3265739,1
988902,11252654,1
12670281,3243647,1
3905570,7512546,1
9864852,9930730,1
9864852,3562567,1
9930730,3562567,1
7915975,1522211,1
7899584,9215290,1
3239572,8857902,1
3191695,13256022,1
9386960,11175867,1
8513578,13562609,1
9983396,11796154,1
9983396,637951,1
9983396,9683866,1
11796154,637951,1
11796154,9683866,1
637951,9683866,1
643140,736089,1
8935054,3816453,1
2454513,9916390,1
2454513,2698108,1
9916390,2698108,1
7201112,11178066,1
7201112,10327227,1
11178066,10327227,1
10506887,10079427,1
13523323,6608501,1
3366209,3278010,1
3366209,3178787,1
3278010,3178787,1
3111580,2007049,1
10543236,12312321,1
10543236,12936205,1
10543236,12836086,1
12312321,12936205,1
12312321,12836086,1
12936205,12836086,1
8307280,6532758,1
3935101,8438681,1
13839324,3164315,1
13954297,8515629,1
9638282,3238999,1
9808608,9793150,1
9808608,3726305,1
9793150,3726305,1
9746230,9910304,1
7984725,6337439,1
12819181,3607276,1
12181944,7474154,1
7179157,701068,1
10445889,13051939,1
10445889,12837109,1
13051939,12837109,1
6550195,11805396,1
1510956,1466819,1
11916949,2075373,1
13145288,2174632,1
3694921,17843,1
3953088,3732083,1
3953088,13177937,1
3953088,3673839,1
3732083,13177937,1
3732083,3673839,1
13177937,3673839,1
3811107,9001337,1
3994869,3066117,1
12281282,7511573,1
12732059,13214707,1
12732059,12289907,1
12732059,10088298,1
12732059,12903558,1
12732059,10059228,1
12732059,10043776,1
12732059,10052336,1
13214707,12289907,1
13214707,10088298,1
13214707,12903558,1
13214707,10059228,1
13214707,10043776,1
13214707,10052336,1
12289907,10088298,1
12289907,12903558,1
12289907,10059228,1
12289907,10043776,1
12289907,10052336,1
10088298,12903558,1
10088298,10059228,1
10088298,10043776,1
10088298,10052336,1
12903558,10059228,1
12903558,10043776,1
12903558,10052336,1
10059228,10043776,1
10059228,10052336,1
10043776,10052336,1
8912652,6172769,1
11275085,8830648,1
9637822,3563784,1
4156763,11107420,1
4156763,2983939,1
4156763,3944438,1
4156763,11146011,1
11107420,2983939,1
11107420,3944438,1
11107420,11146011,1
2983939,3944438,1
2983939,11146011,1
3944438,11146011,1
10096292,10151058,1
10096292,1300512,1
10151058,1300512,1
8197154,7019771,1
8886558,10834092,1
7001172,3885451,1
7001172,1655056,1
3885451,1655056,1
1331701,9456249,1
12162892,12143828,1
8839852,3391650,1
13229772,6010434,1
2406049,2406558,1
2406049,2358848,1
2406558,2358848,1
6363698,7015404,1
14052017,12820943,1
3907258,8189182,1
13841858,8900378,1
4073555,3615210,1
4073555,3257343,1
3615210,3257343,1
1492034,7075952,1
2564429,2327960,1
12737545,12641146,1
12737545,13220601,1
12641146,13220601,1
13818457,14043000,1
343346,13126278,1
343346,10493528,1
13126278,10493528,1
12414908,9540847,1
3274304,13135749,1
13366629,9957548,1
8740220,10710716,1
12041111,7889589,1
9365495,6352889,1
9365495,353799,1
6352889,353799,1
380728,1488627,1
380728,1266614,1
1488627,1266614,1
3022026,10799952,1
631681,6103547,1
7776368,8343698,1
8806692,2564528,1
2001038,8036438,1
2892533,10767036,1
13781023,7512189,1
5897672,2734840,1
5897672,13188446,1
2734840,13188446,1
9528915,6802826,1
9528915,12856112,1
6802826,12856112,1
10401449,2808837,1
13460137,13029662,1
13460137,12968926,1
13029662,12968926,1
10936102,7977196,1
10936102,2394834,1
7977196,2394834,1
7766031,13730774,1
3232112,13040939,1
7654148,3725724,1
7343057,6257241,1
9839457,3573137,1
7261567,7246686,1
2144982,9332569,1
10009386,2202048,1
10009386,2206500,1
2202048,2206500,1
13023411,2263286,1
1492263,1811539,1
1784477,846580,1
1784477,1229274,1
846580,1229274,1
11224447,11191877,1
11224447,11347699,1
11191877,11347699,1
1022347,8227067,1
13492305,13023478,1
13492305,12357497,1
13023478,12357497,1
4111896,3108926,1
3801735,3351145,1
8644172,2407866,1
634097,11422870,1
559208,10448058,1
559208,10742587,1
10448058,10742587,1
803102,536326,1
325371,6013911,1
1652973,3088816,1
2225972,1312637,1
585955,724443,1
697326,6109567,1
960566,11654931,1
6014101,1404740,1
13226787,3378125,1
13226787,13974044,1
3378125,13974044,1
13707841,2796507,1
12538697,3361855,1
971605,8081558,1
10948486,10986684,1
3236447,10291376,1
3236447,13529446,1
10291376,13529446,1
6553743,11860791,1
1009286,12599052,1
1009286,13056939,1
1009286,1687451,1
12599052,13056939,1
12599052,1687451,1
13056939,1687451,1
6303760,9436634,1
6303760,1950356,1
9436634,1950356,1
12388041,12663180,1
1089219,14156352,1
1089219,11213290,1
14156352,11213290,1
12700701,12662803,1
12700701,3721136,1
12662803,3721136,1
6586598,852375,1
1859548,1903142,1
4107828,4175785,1
13872024,12322580,1
13872024,6905189,1
12322580,6905189,1
2060055,11918889,1
3881524,3952790,1
3881524,11675554,1
3952790,11675554,1
6510129,6532748,1
92641,162402,1
92641,22467,1
162402,22467,1
6351942,963606,1
12715739,309166,1
12715739,12340214,1
309166,12340214,1
837277,860478,1
2034950,2076153,1
1542789,1540269,1
1542789,1656801,1
1542789,902838,1
1542789,1640475,1
1540269,1656801,1
1540269,902838,1
1540269,1640475,1
1656801,902838,1
1656801,1640475,1
902838,1640475,1
1451119,1495078,1
1451119,3945367,1
1495078,3945367,1
10364197,9291497,1
8310047,1144394,1
760967,2843723,1
6620174,3687583,1
790076,6043984,1
3683694,13546721,1
11382487,8041433,1
2480753,6240923,1
11310356,11325422,1
9546744,6838338,1
10724681,1752844,1
676200,11841727,1
9068448,2052849,1
6615260,8977749,1
1643429,1504018,1
13764206,7507759,1
13764206,11975835,1
7507759,11975835,1
190708,1426289,1
112053,14029829,1
2809640,9597191,1
3429788,34033,1
315947,11121726,1
6909311,6897180,1
6909311,6863206,1
6897180,6863206,1
7765089,8016284,1
7765089,8021404,1
8016284,8021404,1
1245883,896834,1
12852800,12727119,1
12415680,6640517,1
12742505,4011594,1
4040249,3888567,1
8483481,12007824,1
6730382,12327233,1
11215605,1088469,1
11480138,6331920,1
10103623,13266955,1
762832,7127965,1
762832,477715,1
7127965,477715,1
3041410,11344407,1
13867445,6951286,1
12251363,12231911,1
11964023,8002945,1
12124812,13188493,1
8825635,6876070,1
3006676,402300,1
1213391,9115761,1
1213391,10820439,1
9115761,10820439,1
12338072,12337734,1
12338072,12659154,1
12337734,12659154,1
1718735,190055,1
1718735,9699572,1
190055,9699572,1
1530751,1787186,1
3715583,9820458,1
2577880,2581542,1
2577880,2339018,1
2581542,2339018,1
8801244,11558166,1
11245076,3383505,1
14045584,12520787,1
14045584,14096635,1
12520787,14096635,1
659435,11831608,1
1700978,8389640,1
3351774,3624867,1
3351774,8649985,1
3624867,8649985,1
6955796,6932891,1
12975935,8499991,1
11627144,8739823,1
6262784,6268732,1
6262784,2629780,1
6268732,2629780,1
8713087,423765,1
9153369,2896701,1
9153369,11561311,1
2896701,11561311,1
213537,160434,1
467615,7115080,1
212190,2165573,1
11641719,2226635,1
11641719,10440063,1
2226635,10440063,1
9316180,1776041,1
9316180,10318448,1
1776041,10318448,1
8049368,12047635,1
868092,793920,1
6464749,7952628,1
6662247,6654786,1
6662247,6774199,1
6654786,6774199,1
1748359,10773059,1
8845129,7395362,1
822769,7249936,1
1167139,1058370,1
1167139,1167168,1
1058370,1167168,1
10342793,13168380,1
1356598,1414404,1
2194736,2124212,1
3906368,3078476,1
10360633,10047744,1
6576296,11815206,1
3226398,12505832,1
9958991,3264545,1
9958991,9189340,1
3264545,9189340,1
12647436,14043401,1
5902378,13111434,1
11784503,11746157,1
11784503,4179321,1
11746157,4179321,1
13723023,12858880,1
13723023,12636107,1
12858880,12636107,1
10643986,7659605,1
11191503,1131559,1
3262976,9934061,1
3262976,9681946,1
9934061,9681946,1
513121,6148908,1
9867461,3393869,1
10215779,2369984,1
6002739,11815142,1
6002739,5965681,1
11815142,5965681,1
11729941,14145821,1
1951584,11394293,1
11346728,1042671,1
8449793,7474532,1
7136881,11107599,1
1277630,1491260,1
8339262,12901759,1
12143218,7855998,1
657136,7157957,1
8627109,13738072,1
1050421,11624797,1
10569078,10529818,1
10569078,9084528,1
10529818,9084528,1
7775588,1133569,1
7775588,11236965,1
7775588,1177626,1
1133569,11236965,1
1133569,1177626,1
11236965,1177626,1
9774786,3372773,1
9774786,13384278,1
3372773,13384278,1
6416956,11274435,1
6416956,409175,1
11274435,409175,1
11978677,7951465,1
2449665,10229115,1
7447052,11606714,1
12024808,13752309,1
9969299,2504421,1
9969299,13547145,1
2504421,13547145,1
2769442,2744132,1
2769442,1303429,1
2744132,1303429,1
12917058,7207469,1
8748527,13243973,1
37125,3267425,1
1754876,12852004,1
13061165,3694341,1
377984,403781,1
377984,12033059,1
377984,7097478,1
403781,12033059,1
403781,7097478,1
12033059,7097478,1
5902620,10275404,1
12633055,11820958,1
8915817,12764960,1
13287783,12404046,1
942611,8421973,1
9432347,9539146,1
3585046,9115800,1
7779320,8409996,1
1213715,8030912,1
1213715,6414548,1
8030912,6414548,1
6797404,9319681,1
6797404,12502969,1
9319681,12502969,1
9935273,13143151,1
9935273,13506147,1
9935273,3400315,1
13143151,13506147,1
13143151,3400315,1
13506147,3400315,1
3843199,13032062,1
672472,6126585,1
6221185,9114772,1
2478135,3678589,1
2478135,7127081,1
3678589,7127081,1
8385686,3951613,1
9828189,9908822,1
9828189,12917654,1
9828189,3271910,1
9908822,12917654,1
9908822,3271910,1
12917654,3271910,1
9726942,3400206,1
13662833,13673621,1
13039311,13548789,1
13039311,12637412,1
13548789,12637412,1
856364,1601765,1
228815,9349150,1
8026865,3595227,1
10229260,9115853,1
10229260,9191210,1
9115853,9191210,1
10122644,12400544,1
1091980,8051576,1
1091980,11320332,1
8051576,11320332,1
3726876,13240932,1
6826389,6622578,1
9821834,8464209,1
9821834,8276218,1
8464209,8276218,1
9958439,6440944,1
2895106,1064740,1
3718716,3552405,1
3718716,3287380,1
3552405,3287380,1
9796146,10267814,1
874945,13742475,1
13194858,13388600,1
13194858,13102685,1
13388600,13102685,1
11945812,8056425,1
89552,1731284,1
3971743,4038937,1
10357656,11343856,1
9241597,8979838,1
8778558,2465275,1
8778558,2455052,1
2465275,2455052,1
10601835,8875498,1
735646,7140090,1
358758,9215721,1
8757399,8748560,1
7784444,1176384,1
11216826,11615054,1
11216826,1127647,1
11615054,1127647,1
7906292,6326862,1
2781775,2780356,1
224968,3715933,1
224968,12637352,1
3715933,12637352,1
8008035,8049706,1
8008035,8289652,1
8049706,8289652,1
1779139,216974,1
9819138,11488532,1
1435646,11083180,1
1435646,11057469,1
11083180,11057469,1
540484,6142818,1
1287526,1267069,1
12624789,5899384,1
12624789,5887579,1
5899384,5887579,1
10950068,10986386,1
10950068,10986345,1
10986386,10986345,1
10419583,7215033,1
14056392,14074261,1
13043040,8969058,1
6463490,7998146,1
4085077,12894550,1
8936559,3757831,1
8936559,8949683,1
3757831,8949683,1
7320969,11951195,1
12761202,7472535,1
11043514,11347229,1
2634650,2384041,1
8361577,11974859,1
5965515,5968094,1
5965515,13119213,1
5968094,13119213,1
6556891,481570,1
6556891,5985048,1
481570,5985048,1
12972190,1760310,1
7968679,7999709,1
7968679,8529932,1
7999709,8529932,1
9579829,12195166,1
9579829,4186888,1
9579829,12337728,1
12195166,4186888,1
12195166,12337728,1
4186888,12337728,1
10568768,2173507,1
7052021,1967034,1
7052021,7106500,1
1967034,7106500,1
1401011,1388125,1
9589555,2121722,1
8532732,6564826,1
12805624,6611046,1
1697825,9676083,1
6110131,5853545,1
6110131,671795,1
5853545,671795,1
13775630,13089136,1
13775630,5930991,1
13089136,5930991,1
2562602,2661520,1
9630607,2226408,1
9901547,13140339,1
12906280,5910061,1
2024059,2005265,1
8944477,12268259,1
311492,10363560,1
311492,324256,1
10363560,324256,1
13834232,8774072,1
163349,3187376,1
163349,12623108,1
3187376,12623108,1
2675840,9589995,1
6390006,8325376,1
9053713,293803,1
9772129,10688960,1
10343373,2514742,1
6236722,8569738,1
2877243,3041691,1
1645449,7093433,1
10261729,10267674,1
376639,10834808,1
936778,2990607,1
1178747,11627973,1
1320686,1404898,1
6913172,8815247,1
13420294,1318030,1
12747032,10574911,1
12747032,3885831,1
10574911,3885831,1
6762491,5904440,1
6762491,2698816,1
5904440,2698816,1
11402146,837267,1
3395238,9888490,1
9653286,12496955,1
3918787,14173567,1
11511493,6760160,1
7339327,6767332,1
489717,603572,1
489717,518219,1
603572,518219,1
7893288,8308603,1
3143042,3137759,1
10062013,10597095,1
942849,11305460,1
8097861,11014502,1
8097861,12837646,1
11014502,12837646,1
1107963,8317248,1
8867455,8808318,1
2950418,2904512,1
1451446,1230345,1
11081189,11237222,1
2010358,1967727,1
11323154,1366169,1
1688714,9850157,1
9087034,6403186,1
577589,1517258,1
10794200,10666080,1
10794200,10686343,1
10666080,10686343,1
8699945,6378469,1
2392801,6746473,1
7784359,7904681,1
13729443,13791963,1
10979176,10949741,1
10979176,7998298,1
10949741,7998298,1
2048840,2047934,1
5846128,5846124,1
5846128,5877007,1
5846124,5877007,1
7434898,10219507,1
7434898,3119649,1
10219507,3119649,1
1723686,1583,1
9482888,6062853,1
1499022,13730910,1
12120185,6911881,1
3687421,3390561,1
13910824,13929401,1
12038293,8083000,1
10033710,10342170,1
9690056,12412452,1
12236375,13048350,1
430768,415006,1
13010998,13658051,1
9727407,12595533,1
11328355,8649935,1
12635117,12337386,1
12635117,13708061,1
12337386,13708061,1
1678484,7341771,1
13768050,3529823,1
13032215,12821223,1
13032215,12710174,1
12821223,12710174,1
6074970,747521,1
1160209,1083223,1
12166964,3950186,1
3051891,3053823,1
3051891,3057034,1
3051891,3048025,1
3051891,3053822,1
3053823,3057034,1
3053823,3048025,1
3053823,3053822,1
3057034,3048025,1
3057034,3053822,1
3048025,3053822,1
12041789,7808472,1
1988290,1950793,1
10696716,166368,1
3120544,9481522,1
3120544,13887600,1
9481522,13887600,1
11641460,11190628,1
948059,11298432,1
1433610,9913520,1
9356697,12521925,1
12961007,12497669,1
12961007,9726126,1
12497669,9726126,1
8992826,3790781,1
9594639,2955652,1
227508,1208865,1
227508,1790819,1
1208865,1790819,1
10652660,8689208,1
2845426,3905512,1
13216146,8488765,1
13216146,8422578,1
13216146,7994088,1
8488765,8422578,1
8488765,7994088,1
8422578,7994088,1
8716755,8446754,1
14012674,6362352,1
8373797,8543906,1
8373797,9246140,1
8543906,9246140,1
2363764,8649995,1
2363764,1142731,1
8649995,1142731,1
11706338,3940167,1
6445661,1259547,1
10325994,10593194,1
10325994,10037880,1
10593194,10037880,1
11725486,4047037,1
10027330,6610783,1
5942355,5963289,1
11773058,5961753,1
13161756,8174014,1
13699538,10830559,1
13763932,6053346,1
11584594,11185184,1
363360,10537650,1
8923292,9397920,1
1271980,1652212,1
1271980,1287536,1
1652212,1287536,1
9706312,13030696,1
9870402,13029784,1
13790027,1689178,1
13790027,6884895,1
1689178,6884895,1
3394646,1441202,1
9667172,7146475,1
9667172,1430622,1
7146475,1430622,1
6687562,6693181,1
3904957,1417332,1
3904957,10277508,1
3904957,10274227,1
3904957,121917,1
1417332,10277508,1
1417332,10274227,1
1417332,121917,1
10277508,10274227,1
10277508,121917,1
10274227,121917,1
1174634,3312777,1
9916227,10952334,1
13025402,2091938,1
6014398,2744069,1
10830483,10857409,1
10830483,10859946,1
10857409,10859946,1
11861222,6143440,1
10775528,2853402,1
2277061,5930408,1
5881003,6652394,1
3093899,1540613,1
13537681,611754,1
5840821,9112105,1
311643,10209711,1
6025520,790033,1
7498182,12821705,1
12516349,2854215,1
3289414,13261762,1
3789450,8926361,1
656175,9794549,1
11783994,14174705,1
2471434,10184120,1
10717904,13221844,1
10598055,2115245,1
3633754,9893198,1
11918913,11919741,1
8927715,3773560,1
1325030,2237792,1
7019511,7932004,1
7019511,12146950,1
7932004,12146950,1
9668046,13125049,1
6760511,13012863,1
3260605,7457074,1
10440470,2119467,1
8309154,477284,1
13523207,12834615,1
3285930,12408114,1
1017051,11288105,1
9594248,9546706,1
12314106,3303380,1
12314106,9831538,1
3303380,9831538,1
3056056,13033757,1
7113331,9442561,1
8647952,3317325,1
1451330,1653818,1
11711191,4176781,1
3691295,13148971,1
6623745,6689731,1
6623745,13150087,1
6689731,13150087,1
3616515,651063,1
425406,8867383,1
383082,2728640,1
3110464,13818364,1
1424633,212788,1
3698356,13148231,1
6227881,2369736,1
3888113,11756564,1
3217088,13129815,1
3295421,12521707,1
6111962,579442,1
6111962,6185560,1
579442,6185560,1
3541367,13163295,1
3203703,12288067,1
3203703,3177287,1
12288067,3177287,1
380090,8596969,1
10130477,10245692,1
9724393,9865804,1
9724393,94420,1
9865804,94420,1
3323618,8451255,1
7337745,1547140,1
1086776,12189532,1
697309,875824,1
163466,3520959,1
14013396,13957457,1
14013396,14013397,1
13957457,14013397,1
11263275,6459856,1
3350061,8332706,1
11947750,7905763,1
11462762,2359864,1
10655190,10739421,1
2772383,9851613,1
9040190,6332554,1
8923558,14043919,1
8923558,8993810,1
8923558,14131708,1
14043919,8993810,1
14043919,14131708,1
8993810,14131708,1
4179172,2983493,1
4179172,13301942,1
2983493,13301942,1
7760702,7807101,1
6570366,5961120,1
8627351,13189949,1
1542466,1989009,1
9327209,7019608,1
9327209,8254593,1
7019608,8254593,1
277,9846834,1
9936176,12285841,1
9936176,3351987,1
12285841,3351987,1
12007618,7898562,1
147710,9869814,1
5955098,540031,1
6899350,8813340,1
977676,11270442,1
1656313,7885295,1
8760557,11604887,1
12853521,8942848,1
9436626,3282456,1
9214962,11493599,1
13244961,8602245,1
13244961,8392027,1
8602245,8392027,1
3710632,434668,1
9118836,11599437,1
9702614,448724,1
9702614,3238968,1
448724,3238968,1
8333197,8446407,1
3210198,14084594,1
261740,400697,1
261740,9197168,1
261740,9332647,1
400697,9197168,1
400697,9332647,1
9197168,9332647,1
9597595,1319910,1
9597595,2625044,1
9597595,9556621,1
9597595,9534177,1
1319910,2625044,1
1319910,9556621,1
1319910,9534177,1
2625044,9556621,1
2625044,9534177,1
9556621,9534177,1
12211201,446685,1
12211201,12215438,1
446685,12215438,1
1517110,1681230,1
13631583,13659251,1
8198900,8105523,1
8198900,8506358,1
8105523,8506358,1
12776556,699465,1
3972912,13245346,1
3377737,9771527,1
650304,11874813,1
650304,13710489,1
650304,11870336,1
11874813,13710489,1
11874813,11870336,1
13710489,11870336,1
10078323,2223395,1
12821923,8996399,1
12821923,2701439,1
12821923,3810469,1
8996399,2701439,1
8996399,3810469,1
2701439,3810469,1
8372644,7285081,1
6660590,764511,1
1749957,12748029,1
1749957,13226442,1
1749957,3198122,1
12748029,13226442,1
12748029,3198122,1
13226442,3198122,1
10735266,3021620,1
2808579,10245717,1
3699592,2361978,1
3699592,3176236,1
2361978,3176236,1
3422092,12836052,1
13365723,1366430,1
1413843,9557926,1
13132408,13302658,1
13132408,12622438,1
13302658,12622438,1
12946019,10072990,1
10068227,10601787,1
8172817,7002934,1
11675360,14173090,1
9899843,2970748,1
8524053,12538214,1
7602255,11945138,1
12317142,12104144,1
12317142,4073741,1
12104144,4073741,1
12514346,12715545,1
12514346,12447322,1
12715545,12447322,1
6002875,10033878,1
9724821,9270317,1
9724821,9632516,1
9270317,9632516,1
13837034,13816427,1
13837034,6287229,1
13816427,6287229,1
11117460,11701396,1
11288024,3066600,1
6098326,696370,1
1830636,13718364,1
12823875,6791264,1
7070080,1603767,1
7073463,6294137,1
9069316,12051293,1
9069316,7711048,1
12051293,7711048,1
2057144,7014135,1
12764767,141361,1
12764767,10683818,1
141361,10683818,1
13482504,13702367,1
11559021,11544310,1
1958042,1982684,1
1958042,2247600,1
1982684,2247600,1
6280191,2412996,1
11960599,7395743,1
6507041,6525889,1
6507041,13692948,1
6525889,13692948,1
8615086,1108923,1
692212,677363,1
1177549,7639997,1
53072,11292012,1
12545409,12543046,1
12611520,13777462,1
12611520,3396132,1
13777462,3396132,1
10689379,10771630,1
7962062,3011721,1
9989193,3276503,1
9877999,1687784,1
13127625,12863063,1
1778711,6761855,1
1778711,9667236,1
1778711,9936191,1
6761855,9667236,1
6761855,9936191,1
9667236,9936191,1
1381584,1394582,1
1381584,10408103,1
1394582,10408103,1
7441388,8794463,1
8916669,8930578,1
311538,8250546,1
3368306,13615213,1
12533919,2151791,1
3318102,12305798,1
10232073,1358178,1
10232073,9043845,1
1358178,9043845,1
5969577,7106895,1
14088430,1346123,1
7897007,1073739,1
7897007,7951753,1
1073739,7951753,1
6838204,9034314,1
9450269,11042549,1
9397152,12779203,1
2746782,10106188,1
4071079,116000,1
12955146,12928806,1
6962313,6973789,1
6962313,6942545,1
6973789,6942545,1
8817612,5839745,1
12921254,12618885,1
12921254,13392470,1
12618885,13392470,1
11584081,7585048,1
762647,5939618,1
13771769,386961,1
13771769,357778,1
386961,357778,1
13168901,3779585,1
6695100,3032716,1
6695100,2843767,1
3032716,2843767,1
2549721,2522184,1
2549721,9087298,1
2522184,9087298,1
7198421,10048089,1
10394658,4010330,1
10394658,9862106,1
4010330,9862106,1
341732,241273,1
573174,5996670,1
573174,576999,1
573174,6140923,1
5996670,576999,1
5996670,6140923,1
576999,6140923,1
2428298,2693286,1
11994073,2195551,1
10723245,2868308,1
3795261,6780421,1
3795261,13807668,1
6780421,13807668,1
2984519,10856400,1
10635302,6149151,1
679652,566218,1
2391427,10987650,1
2391427,14061774,1
10987650,14061774,1
10931036,2825396,1
10931036,2791418,1
2825396,2791418,1
12199704,8366450,1
10663288,3100035,1
6155978,624146,1
3934987,3982104,1
6087261,697386,1
6087261,6163424,1
697386,6163424,1
12318815,10220972,1
12318815,9180287,1
12318815,10260861,1
12318815,13197127,1
12318815,9490791,1
10220972,9180287,1
10220972,10260861,1
10220972,13197127,1
10220972,9490791,1
9180287,10260861,1
9180287,13197127,1
9180287,9490791,1
10260861,13197127,1
10260861,9490791,1
13197127,9490791,1
13767171,12918394,1
12524191,12734567,1
12524191,3309828,1
12734567,3309828,1
1366332,9434790,1
6276079,1519886,1
12093269,7998764,1
9195536,9314169,1
9195536,9151952,1
9314169,9151952,1
3314006,9678847,1
904688,7236574,1
11123705,7780048,1
10779118,8758126,1
10779118,10735056,1
8758126,10735056,1
10742794,2349850,1
10742794,12367690,1
2349850,12367690,1
3208751,3116736,1
3208751,12669031,1
3116736,12669031,1
3940114,2931420,1
3282059,7206090,1
13385951,6753983,1
3381119,9769629,1
12637051,13907133,1
9930973,27672,1
13086997,3269080,1
7419929,12015101,1
1597872,1805459,1
1597872,1500540,1
1805459,1500540,1
14179636,3100362,1
2727443,9075492,1
9658182,2935308,1
10366228,9727331,1
5856215,4085663,1
5856215,3016112,1
4085663,3016112,1
533405,13152437,1
1075119,11214287,1
13141443,6800645,1
13141443,13619752,1
6800645,13619752,1
3349902,9649357,1
12663982,12553599,1
12663982,12334059,1
12553599,12334059,1
1807195,1544711,1
10321255,12834664,1
3452689,13152240,1
9567429,10572942,1
9567429,9479680,1
10572942,9479680,1
1163404,9674846,1
12734525,9221015,1
12734525,8086708,1
9221015,8086708,1
9159681,9055946,1
6990833,6975356,1
6990833,1374509,1
6975356,1374509,1
9899940,3226470,1
9899940,9984108,1
3226470,9984108,1
2488829,10151017,1
7842915,12163825,1
13040076,9667598,1
3883296,11074946,1
3883296,11051303,1
11074946,11051303,1
6843482,9458722,1
1787613,6357465,1
1787613,1783705,1
6357465,1783705,1
1466545,6327352,1
13123899,6647613,1
190197,9289123,1
190197,11697147,1
9289123,11697147,1
3991134,7062308,1
10124398,1295319,1
2607890,13151558,1
11107873,11131914,1
9199223,3166206,1
8633202,4040821,1
8633202,7858867,1
4040821,7858867,1
1095890,7509695,1
10808159,10821124,1
2352992,2417846,1
1887709,9408092,1
9701910,9890457,1
3691399,8487178,1
116295,1441873,1
1101548,1017795,1
10457571,8099122,1
9142137,294114,1
11036096,198527,1
3566663,12602527,1
7735208,14150906,1
7735208,8038100,1
14150906,8038100,1
12136091,8088580,1
12602687,6822540,1
2636406,2580983,1
2636406,2636298,1
2580983,2636298,1
3384800,12832245,1
3202154,4088710,1
12654639,4180453,1
12654639,11383777,1
4180453,11383777,1
10583429,10075480,1
384255,9131118,1
6154284,3147447,1
7904600,944153,1
9321696,9332272,1
9321696,321140,1
9332272,321140,1
13778626,5991759,1
5853301,9215866,1
3178237,3358517,1
3560078,12817818,1
3779614,3798953,1
3779614,3775597,1
3798953,3775597,1
1469201,1793005,1
8281421,10675616,1
3391160,13234653,1
11561293,7428303,1
12937577,8398140,1
3775532,10400058,1
9990354,4073269,1
9990354,3727909,1
4073269,3727909,1
2062567,2068425,1
2062567,2097301,1
2068425,2097301,1
13970380,1254298,1
3754166,9010433,1
11451780,11416981,1
11642195,11594318,1
12013839,13219810,1
12013839,9054872,1
12013839,13501450,1
13219810,9054872,1
13219810,13501450,1
9054872,13501450,1
11470548,3159457,1
2930495,10765139,1
1887912,10255317,1
11717374,11794620,1
2372488,2552500,1
11297689,788286,1
12838218,13488671,1
9942177,1737688,1
3038984,10666418,1
3765136,9019511,1
3675569,3811280,1
10220773,10196566,1
10220773,9339124,1
10196566,9339124,1
13817957,6759269,1
3088939,1636130,1
9039583,2075826,1
9039583,2039182,1
2075826,2039182,1
12226738,824534,1
2268687,10567194,1
7635307,9248974,1
474129,6551860,1
11644754,7983810,1
11644754,947304,1
7983810,947304,1
8339012,11369239,1
3799011,10447154,1
8962542,8959489,1
8962542,3789142,1
8959489,3789142,1
13512111,6999186,1
9248141,13529231,1
720768,13775187,1
13485360,9342650,1
13485360,2633525,1
9342650,2633525,1
6790098,6758521,1
11369192,6421697,1
11217705,6358963,1
11217705,1144517,1
6358963,1144517,1
6256451,12107097,1
12666895,2900429,1
12666895,2893583,1
2900429,2893583,1
2137867,8579378,1
12636989,9064804,1
12636989,12915915,1
9064804,12915915,1
13275887,9820007,1
13275887,1395430,1
13275887,1386684,1
9820007,1395430,1
9820007,1386684,1
1395430,1386684,1
6244663,2616869,1
1177840,11299060,1
9478278,12659170,1
7403631,9838939,1
10796239,2866997,1
2146205,10180922,1
3724612,13011691,1
2997125,8758288,1
3685617,14084237,1
7619631,7785271,1
7619631,11945679,1
7785271,11945679,1
12173447,7654709,1
11398228,395629,1
6724474,6769191,1
2306532,9129397,1
3716474,12325272,1
3716474,1719246,1
12325272,1719246,1
9746226,1736985,1
9746226,3721248,1
1736985,3721248,1
3981697,4117135,1
3981697,937198,1
3981697,12164171,1
3981697,7447744,1
3981697,9629638,1
4117135,937198,1
4117135,12164171,1
4117135,7447744,1
4117135,9629638,1
937198,12164171,1
937198,7447744,1
937198,9629638,1
12164171,7447744,1
12164171,9629638,1
7447744,9629638,1
3549693,11409995,1
3549693,11438796,1
3549693,3879306,1
11409995,11438796,1
11409995,3879306,1
11438796,3879306,1
5997870,6010633,1
5997870,5967595,1
6010633,5967595,1
10151222,2110465,1
10151222,13652234,1
10151222,13636255,1
2110465,13652234,1
2110465,13636255,1
13652234,13636255,1
9708063,13240807,1
9708063,12910754,1
9708063,12380738,1
9708063,9675226,1
9708063,12380740,1
13240807,12910754,1
13240807,12380738,1
13240807,9675226,1
13240807,12380740,1
12910754,12380738,1
12910754,9675226,1
12910754,12380740,1
12380738,9675226,1
12380738,12380740,1
9675226,12380740,1
13958801,13945850,1
13958801,13792659,1
13945850,13792659,1
9310295,7103915,1
8556704,11958931,1
6831286,3353523,1
760419,13695969,1
11033598,10807395,1
4166731,14173166,1
8741916,10837163,1
10200132,9600918,1
7936999,8620263,1
7936999,8413327,1
8620263,8413327,1
12635665,7876562,1
9844012,1480629,1
298244,10989850,1
298244,9063187,1
298244,9081849,1
10989850,9063187,1
10989850,9081849,1
9063187,9081849,1
6553222,653735,1
13264630,13837463,1
6164234,5991320,1
2375404,11522048,1
10342717,713833,1
745781,537328,1
745781,495304,1
537328,495304,1
7444690,12079347,1
10254980,10250961,1
8767239,11382045,1
13677919,12546944,1
13677919,13504754,1
13677919,13884919,1
12546944,13504754,1
12546944,13884919,1
13504754,13884919,1
1741209,10733319,1
8345472,1088742,1
14144304,3930608,1
3384698,12822838,1
12739881,6744564,1
12739881,3176543,1
6744564,3176543,1
10867027,7791685,1
10867027,3555055,1
7791685,3555055,1
10797975,2947704,1
6977422,12760432,1
10379780,8915948,1
9752959,9726571,1
9752959,3392553,1
9752959,3678119,1
9726571,3392553,1
9726571,3678119,1
3392553,3678119,1
13515666,2490926,1
8489403,1011850,1
13034699,13730140,1
8632246,3717241,1
13544719,3344615,1
5884519,2512675,1
406238,9284405,1
3768537,8946539,1
14147225,11786162,1
13561497,3267684,1
13561497,12633420,1
3267684,12633420,1
2398527,2120173,1
11772613,11730120,1
11772613,13995127,1
11730120,13995127,1
13880633,13850806,1
8690049,1532655,1
3377741,2175544,1
2323449,2543311,1
2323449,2280062,1
2543311,2280062,1
9157516,12400556,1
9157516,9136268,1
9157516,5887513,1
9157516,13718946,1
12400556,9136268,1
12400556,5887513,1
12400556,13718946,1
9136268,5887513,1
9136268,13718946,1
5887513,13718946,1
11417914,6336113,1
500650,556746,1
500650,6541719,1
556746,6541719,1
1081238,7988408,1
636901,1454199,1
636901,1742815,1
636901,3682302,1
1454199,1742815,1
1454199,3682302,1
1742815,3682302,1
11214611,11298698,1
1019277,1158873,1
1019277,7956067,1
1158873,7956067,1
6376565,2970365,1
13487029,6765346,1
12776706,4086982,1
2233962,12820200,1
2233962,12530388,1
12820200,12530388,1
14017751,11726046,1
1545504,436248,1
1545504,2012359,1
436248,2012359,1
10929729,9978091,1
3186525,8691031,1
3186525,7755690,1
8691031,7755690,1
11334678,11604770,1
7387618,1451618,1
7387618,11966798,1
1451618,11966798,1
10300904,2196817,1
14116468,3753014,1
6358413,1500798,1
6358413,7106455,1
6358413,1598228,1
1500798,7106455,1
1500798,1598228,1
7106455,1598228,1
7922779,8661570,1
7922779,8490988,1
8661570,8490988,1
11327640,11263890,1
11327640,11263889,1
11263890,11263889,1
7946391,500376,1
13485281,6769480,1
2053365,9114622,1
473070,6523342,1
4014754,12754132,1
8361050,1179026,1
11968969,7938850,1
943564,11367789,1
11113999,11083531,1
3539795,6343377,1
202521,8402638,1
13252916,3324976,1
9729641,2370497,1
7991494,10361563,1
1211070,1204691,1
1504103,1600568,1
11861351,1773062,1
11861351,11851029,1
1773062,11851029,1
12769753,3571553,1
7430784,7033843,1
7265648,373013,1
12015910,8520996,1
3127469,9571737,1
2893892,969586,1
8328913,1163279,1
555593,425304,1
1052878,8659990,1
1052878,12016461,1
8659990,12016461,1
810052,13527113,1
1619930,10666349,1
6833043,2176738,1
11193755,997873,1
13162560,10364870,1
3085467,9272959,1
3085467,3961502,1
9272959,3961502,1
11312081,1144422,1
2012751,6289664,1
10402387,1400692,1
10402387,9471124,1
10402387,9518134,1
1400692,9471124,1
1400692,9518134,1
9471124,9518134,1
1743293,3338565,1
8627761,11627148,1
8627761,1014300,1
11627148,1014300,1
10453402,9083350,1
10453402,10043771,1
10453402,344106,1
10453402,10055268,1
10453402,11916991,1
9083350,10043771,1
9083350,344106,1
9083350,10055268,1
9083350,11916991,1
10043771,344106,1
10043771,10055268,1
10043771,11916991,1
344106,10055268,1
344106,11916991,1
10055268,11916991,1
13034668,7997111,1
6106547,647752,1
470486,11861028,1
2417136,2368151,1
6741481,13838449,1
601213,664293,1
601213,599472,1
664293,599472,1
9910713,9958629,1
9910713,3350532,1
9910713,575123,1
9958629,3350532,1
9958629,575123,1
3350532,575123,1
1090615,11623574,1
2802886,11487854,1
2802886,2990449,1
11487854,2990449,1
6719685,637189,1
6719685,10165819,1
637189,10165819,1
7073587,8210564,1
12136523,8320956,1
12811243,13217636,1
12811243,13522938,1
12811243,12340085,1
13217636,13522938,1
13217636,12340085,1
13522938,12340085,1
13554653,8320037,1
13554653,6374470,1
8320037,6374470,1
11284364,1094686,1
11284364,1053624,1
1094686,1053624,1
11152042,11146706,1
1365014,3392264,1
12294088,12523164,1
12294088,12512074,1
12523164,12512074,1
3894548,13220883,1
72077,9805322,1
6587880,532434,1
12317141,8629065,1
1639996,858609,1
11536036,13864579,1
8445122,6404810,1
6582104,2084937,1
1215671,1491654,1
2506184,3324059,1
9509239,1372776,1
6220660,11566927,1
11553220,294319,1
489874,537428,1
8005327,7338586,1
590817,7187202,1
4176954,11286838,1
7146586,6559193,1
7146586,7147996,1
7146586,6575502,1
6559193,7147996,1
6559193,6575502,1
7147996,6575502,1
9402339,8932467,1
13048064,3737184,1
10410663,9456274,1
337366,12605695,1
9843473,13138006,1
9843473,8002330,1
13138006,8002330,1
10838462,8815955,1
7321298,6440079,1
13264527,9378947,1
13264527,10317760,1
9378947,10317760,1
1347294,2246573,1
2736370,9215253,1
8888305,3795489,1
199648,71124,1
3592670,9660467,1
7536879,12014089,1
1207595,1208510,1
1207595,1225738,1
1208510,1225738,1
3986294,3037405,1
6151470,744165,1
11089123,8034142,1
2800908,8923460,1
2800908,10580082,1
8923460,10580082,1
8305842,523243,1
11623173,11599601,1
8089910,7742896,1
3696259,12544239,1
2654569,8702617,1
6396620,1134568,1
11366437,10445355,1
11366437,11240286,1
10445355,11240286,1
8995910,8901399,1
8995910,9753085,1
8901399,9753085,1
6902696,12729060,1
10383879,10559233,1
3374947,12256105,1
10722915,10678238,1
10958781,12328763,1
6549386,13734646,1
6549386,1148327,1
6549386,1676353,1
13734646,1148327,1
13734646,1676353,1
1148327,1676353,1
2052834,2038090,1
1805240,1707801,1
1805240,9019710,1
1707801,9019710,1
3116463,263457,1
292823,9207627,1
9652648,2530100,1
9652648,12937433,1
2530100,12937433,1
13038399,10324488,1
13038399,3724900,1
13038399,896581,1
13038399,9772236,1
10324488,3724900,1
10324488,896581,1
10324488,9772236,1
3724900,896581,1
3724900,9772236,1
896581,9772236,1
6633738,12507234,1
13024138,6997950,1
9005390,9397236,1
9005390,10129923,1
9397236,10129923,1
8925124,13267497,1
12882067,8026099,1
11255716,9936298,1
697446,12508277,1
6509756,3068826,1
946239,9660193,1
3725437,9637366,1
7982478,8521870,1
7982478,8255298,1
8521870,8255298,1
3548737,10037613,1
3697284,12529865,1
10247615,13326251,1
6865462,9363665,1
6837198,2124605,1
1164075,8232073,1
497691,829312,1
13293721,6728234,1
11153680,11032678,1
11153680,11154988,1
11032678,11154988,1
6610008,8490399,1
6610008,13873467,1
6610008,910336,1
8490399,13873467,1
8490399,910336,1
13873467,910336,1
9134674,3248237,1
9134674,12287379,1
3248237,12287379,1
6645261,11525470,1
6645261,13174628,1
11525470,13174628,1
13506078,2152233,1
6166196,741279,1
6166196,6133153,1
6166196,533753,1
741279,6133153,1
741279,533753,1
6133153,533753,1
8725369,13092354,1
8725369,7168685,1
13092354,7168685,1
265645,6052374,1
265645,6064354,1
6052374,6064354,1
3321575,203169,1
13086662,8915970,1
563303,5974269,1
10220139,9169588,1
158319,9655308,1
9753093,148884,1
12753868,3554597,1
12753868,3695877,1
3554597,3695877,1
2968549,1402614,1
13842410,12544233,1
10100369,3718019,1
2623328,11566856,1
341179,8892789,1
10244316,10238463,1
658561,673010,1
8516538,8370505,1
8516538,7464045,1
8370505,7464045,1
5955468,6007424,1
5955468,5957581,1
6007424,5957581,1
3358161,12372347,1
1790948,1810649,1
4012708,10967581,1
8257512,7944412,1
2720512,6228041,1
6386113,11213517,1
12743493,2144293,1
1540423,1629861,1
3354008,11213130,1
9372890,9048849,1
3699055,13023922,1
3699055,6738214,1
13023922,6738214,1
5990562,5971067,1
3052880,8768182,1
3362004,13124010,1
4088293,9416895,1
10575459,8910365,1
650917,493928,1
650917,523188,1
493928,523188,1
6968916,6970510,1
9795043,3514156,1
7495982,6530067,1
8067544,1069433,1
8067544,1059239,1
1069433,1059239,1
9139224,397486,1
9139224,9107444,1
397486,9107444,1
8411422,6417073,1
2908671,2856584,1
7512889,6512301,1
1298779,10124944,1
11296503,8446767,1
11296503,2728262,1
8446767,2728262,1
6831184,13247589,1
7753171,8486487,1
7753171,13189722,1
7753171,9774061,1
8486487,13189722,1
8486487,9774061,1
13189722,9774061,1
1365691,10413645,1
4073402,3233837,1
824027,13556589,1
10983497,1982523,1
6657283,10775237,1
6657283,6619987,1
10775237,6619987,1
117531,1949737,1
2259451,6843492,1
615188,640637,1
615188,6110633,1
640637,6110633,1
10848546,10850572,1
13933366,13926384,1
13933366,13807519,1
13926384,13807519,1
9182905,9327996,1
3939510,4183887,1
3978729,3240327,1
7496726,12086792,1
7033432,7031792,1
12404322,1527351,1
12404322,830182,1
12404322,1502187,1
1527351,830182,1
1527351,1502187,1
830182,1502187,1
1724908,9726679,1
8543540,7657517,1
11463945,6821998,1
6671061,2084351,1
2681224,10236568,1
407622,334051,1
1326005,6962311,1
1326005,1359229,1
1326005,13008036,1
6962311,1359229,1
6962311,13008036,1
1359229,13008036,1
12146409,7054608,1
3566313,3234746,1
2565044,13896007,1
2060904,13129296,1
7945845,7104251,1
8617098,8628558,1
8617098,8448509,1
8628558,8448509,1
163191,9774666,1
1867162,1851434,1
1867162,1862096,1
1851434,1862096,1
12491631,6792640,1
12136133,989411,1
6857455,9626585,1
14094681,6719287,1
1214128,14012522,1
12235661,12242517,1
12899577,13260650,1
397484,8863407,1
397484,8886105,1
8863407,8886105,1
3340443,9679269,1
11978180,8222599,1
9885430,1730944,1
9885430,3213523,1
1730944,3213523,1
8445259,3109044,1
649688,423550,1
12539944,12802675,1
9263870,10225001,1
9259895,11448932,1
324580,10542549,1
11878522,636546,1
13125132,6634548,1
13125132,6814041,1
6634548,6814041,1
12718856,13134771,1
8663132,12330007,1
7471657,3015982,1
8491959,12032568,1
2974501,11691286,1
2974501,14180537,1
2974501,14144094,1
11691286,14180537,1
11691286,14144094,1
14180537,14144094,1
12508185,8621921,1
13170459,13270395,1
8767616,6249530,1
730958,6818041,1
8624852,6373135,1
1747856,9926966,1
9622195,2689918,1
11411766,7071307,1
13252532,3311341,1
13701355,6516429,1
10471242,10323250,1
8538879,10670852,1
8538879,10798257,1
10670852,10798257,1
2052683,10449285,1
12497322,6793594,1
13149714,684775,1
13149714,6185154,1
684775,6185154,1
14147887,6329591,1
13900181,10214416,1
8096137,12153064,1
3103526,3845486,1
3103526,14143801,1
3845486,14143801,1
643715,8843809,1
619539,1679693,1
4064528,11710597,1
6861968,9909114,1
7762123,9019609,1
13170984,12746766,1
7360218,7786809,1
7164346,7524438,1
6963090,6963085,1
6963090,6921405,1
6963085,6921405,1
2971662,10667094,1
407819,8709804,1
407819,10972617,1
8709804,10972617,1
10511154,10414258,1
10511154,14046517,1
10414258,14046517,1
1189520,1544229,1
1635941,1811340,1
6527698,7052932,1
6527698,13710221,1
7052932,13710221,1
9376025,1965218,1
9376025,846119,1
1965218,846119,1
3697110,3321988,1
3697110,10323672,1
3321988,10323672,1
11239800,969779,1
10012826,2244005,1
787536,6127316,1
787536,6165476,1
6127316,6165476,1
10687578,118795,1
6329863,6452043,1
6329863,7709380,1
6452043,7709380,1
10644113,5961577,1
2849439,7511053,1
10080196,10389734,1
595981,7189204,1
13763642,6769389,1
30433,9811200,1
2668171,10998806,1
3200845,3676992,1
3200845,3678808,1
3676992,3678808,1
7180864,614172,1
4038296,4089500,1
9237832,3719810,1
576301,384151,1
8898474,3793698,1
8898474,10187476,1
3793698,10187476,1
11368499,636180,1
6562995,6003098,1
13913995,9891855,1
13913995,12768214,1
13913995,13867121,1
13913995,13809878,1
9891855,12768214,1
9891855,13867121,1
9891855,13809878,1
12768214,13867121,1
12768214,13809878,1
13867121,13809878,1
7322755,12125782,1
319455,9633020,1
12018454,13841248,1
12018454,12107249,1
13841248,12107249,1
1156945,7323918,1
3323625,9613090,1
13945642,14023424,1
1373725,6994520,1
8925063,8892182,1
8925063,9152945,1
8892182,9152945,1
9466859,13734258,1
2456440,6408917,1
1504170,288554,1
4060230,4013088,1
13446922,1367464,1
9043975,9469094,1
3462830,3277797,1
3899307,1211405,1
3188160,9325773,1
7388486,4050858,1
9914959,6328425,1
3289970,9652866,1
3626494,12902893,1
8921288,3774266,1
7053444,1617470,1
1228155,837615,1
1811269,6476549,1
488454,1469913,1
8715482,6092078,1
13685232,144941,1
13685232,166165,1
144941,166165,1
12503770,4086316,1
11362544,8740012,1
5855493,13161861,1
8771902,8798151,1
402804,3991522,1
7513222,1058045,1
7513222,8423917,1
1058045,8423917,1
3845540,12897151,1
7726668,2402615,1
2807671,2756043,1
10836999,11544853,1
7051870,13703369,1
6442804,8260447,1
3096507,13685838,1
5901841,11506372,1
6186266,11857452,1
8694054,7322889,1
9682971,10279233,1
12617820,9293265,1
13524758,3915263,1
1206974,1634985,1
388643,10052056,1
7973618,2500968,1
868775,880464,1
8625428,6815264,1
14154096,13984522,1
6756421,12461852,1
3979429,3203788,1
3979429,4113365,1
3203788,4113365,1
9775688,14113624,1
9775688,14087584,1
14113624,14087584,1
8378455,8973884,1
6623196,13541568,1
3055820,3047106,1
1529455,13738066,1
1216617,1263211,1
13847915,1212406,1
10957880,7789617,1
9338736,8698771,1
2606149,2370768,1
2606149,2521556,1
2370768,2521556,1
12028288,8465269,1
10778640,10667217,1
10778640,7142863,1
10667217,7142863,1
13562158,3205792,1
6627043,10190814,1
1784866,10366943,1
3969878,14168357,1
13111710,9172314,1
13111710,12535617,1
9172314,12535617,1
6785983,10413129,1
9082228,11184362,1
1386253,10178611,1
1078201,8494342,1
12355975,1344228,1
12355975,2207841,1
1344228,2207841,1
9311153,254259,1
9311153,306799,1
9311153,9166314,1
9311153,404462,1
9311153,9245850,1
254259,306799,1
254259,9166314,1
254259,404462,1
254259,9245850,1
306799,9166314,1
306799,404462,1
306799,9245850,1
9166314,404462,1
9166314,9245850,1
404462,9245850,1
8338697,8455561,1
8338697,11614637,1
8338697,11593343,1
8455561,11614637,1
8455561,11593343,1
11614637,11593343,1
14112554,13845274,1
12338792,10122575,1
2353340,6257423,1
6149045,654934,1
10439801,1399559,1
13356694,6641674,1
12075684,7525514,1
13063827,242556,1
10226308,9035289,1
8604945,3670533,1
12905271,8982710,1
7768687,1107066,1
9063028,2883594,1
9063028,10800043,1
2883594,10800043,1
2570445,12068643,1
2570445,2621834,1
2570445,2362530,1
12068643,2621834,1
12068643,2362530,1
2621834,2362530,1
10574845,14053157,1
887679,2958083,1
13993550,8327509,1
11146643,12926187,1
11146643,3234823,1
11146643,13300253,1
11146643,12422017,1
12926187,3234823,1
12926187,13300253,1
12926187,12422017,1
3234823,13300253,1
3234823,12422017,1
13300253,12422017,1
9990339,3369661,1
13153808,1401609,1
9359298,1365486,1
7963435,656894,1
9430410,1428382,1
9430410,1420561,1
1428382,1420561,1
3356072,12844117,1
6248047,13252749,1
6248047,13254355,1
6248047,6227537,1
6248047,12320940,1
6248047,2374887,1
13252749,13254355,1
13252749,6227537,1
13252749,12320940,1
13252749,2374887,1
13254355,6227537,1
13254355,12320940,1
13254355,2374887,1
6227537,12320940,1
6227537,2374887,1
12320940,2374887,1
6720442,3340141,1
13719500,9064440,1
1145759,8391601,1
10776338,2061667,1
10776338,3022928,1
2061667,3022928,1
7916521,12120296,1
5909772,12373491,1
7481780,1082119,1
1700329,3714888,1
14042490,12510019,1
11518921,6650378,1
7340140,12528916,1
6122417,13688548,1
6122417,555835,1
13688548,555835,1
1522607,1542168,1
3118924,9546128,1
12686173,7971862,1
2279414,238807,1
2279414,405460,1
2279414,281535,1
2279414,2418233,1
238807,405460,1
238807,281535,1
238807,2418233,1
405460,281535,1
405460,2418233,1
281535,2418233,1
12513299,6337043,1
1297930,1776673,1
3580445,3183624,1
7967546,1681993,1
9667160,8536559,1
3263339,9984487,1
8993285,3764375,1
8993285,10401138,1
3764375,10401138,1
515849,6160610,1
9135901,9203612,1
1239029,822151,1
11855015,6149336,1
9131445,3500087,1
13183850,13461922,1
3241375,10395646,1
3241375,3978056,1
3241375,9864949,1
3241375,13219750,1
3241375,3295594,1
10395646,3978056,1
10395646,9864949,1
10395646,13219750,1
10395646,3295594,1
3978056,9864949,1
3978056,13219750,1
3978056,3295594,1
9864949,13219750,1
9864949,3295594,1
13219750,3295594,1
8572430,12030022,1
2133328,2134660,1
2133328,3544992,1
2134660,3544992,1
14131852,6794308,1
14131852,6647326,1
14131852,5895377,1
14131852,14074062,1
14131852,13868852,1
14131852,14043416,1
6794308,6647326,1
6794308,5895377,1
6794308,14074062,1
6794308,13868852,1
6794308,14043416,1
6647326,5895377,1
6647326,14074062,1
6647326,13868852,1
6647326,14043416,1
5895377,14074062,1
5895377,13868852,1
5895377,14043416,1
14074062,13868852,1
14074062,14043416,1
13868852,14043416,1
6555893,5997004,1
6555893,6573263,1
6555893,780447,1
5997004,6573263,1
5997004,780447,1
6573263,780447,1
7187545,611967,1
12197688,12210202,1
12197688,13632375,1
12210202,13632375,1
992603,11619015,1
7016200,8590472,1
9332743,406166,1
6782360,6718381,1
3296589,10259808,1
3296589,12536107,1
10259808,12536107,1
1885585,2804663,1
1885585,13670740,1
1885585,1882193,1
2804663,13670740,1
2804663,1882193,1
13670740,1882193,1
14100186,3820909,1
13219532,1766208,1
40368,13170631,1
2405081,2416963,1
11884399,2818501,1
2217669,9038540,1
2217669,10056965,1
2217669,10591655,1
2217669,10444766,1
9038540,10056965,1
9038540,10591655,1
9038540,10444766,1
10056965,10591655,1
10056965,10444766,1
10591655,10444766,1
3545241,1263989,1
416234,816533,1
12513393,3225481,1
3742550,10327576,1
6465200,7778672,1
12733107,12733531,1
12733107,12304485,1
12733107,5902249,1
12733531,12304485,1
12733531,5902249,1
12304485,5902249,1
1702841,7479019,1
1702841,13023550,1
7479019,13023550,1
10989702,2576551,1
10989702,10902617,1
2576551,10902617,1
8007970,12534890,1
630376,800688,1
9748190,9679828,1
9748190,9794522,1
9748190,13752887,1
9679828,9794522,1
9679828,13752887,1
9794522,13752887,1
1632139,2891529,1
9443474,10160232,1
1143828,11321885,1
7075150,7037885,1
2358150,2513003,1
11342601,1124475,1
9751296,9829584,1
6864167,12855983,1
8783510,12359985,1
12214372,4112631,1
1735491,6893434,1
3382104,2539738,1
298531,13322038,1
10428584,6997109,1
201316,1147688,1
7991638,7566731,1
7991638,8488291,1
7991638,7930809,1
7566731,8488291,1
7566731,7930809,1
8488291,7930809,1
1472715,1520270,1
1472715,13695497,1
1520270,13695497,1
11309615,1657866,1
11309615,12002216,1
1657866,12002216,1
13733078,7899559,1
13733078,8261899,1
7899559,8261899,1
13635179,13659189,1
10730493,813099,1
12612458,9042571,1
10457510,10043056,1
10457510,8897980,1
10043056,8897980,1
3263320,12599314,1
7962382,3302759,1
1384913,9492002,1
13380424,9311682,1
1020377,7288634,1
1020377,937489,1
7288634,937489,1
959911,9839072,1
959911,187234,1
9839072,187234,1
3128234,12513972,1
3128234,3161799,1
12513972,3161799,1
4087350,4006235,1
1603876,13142291,1
8959424,3808232,1
406591,10767763,1
406591,2846771,1
10767763,2846771,1
586564,6094120,1
10342657,11780728,1
10342657,11794886,1
11780728,11794886,1
12776514,8345448,1
10582383,3214281,1
12414287,13619073,1
1340473,1391987,1
1340473,13627651,1
1391987,13627651,1
8948785,14114103,1
983180,7964756,1
9134605,9200572,1
9134605,9216082,1
9200572,9216082,1
8038527,6442556,1
8038527,4137986,1
6442556,4137986,1
8572600,2725886,1
8572600,11546041,1
2725886,11546041,1
544480,678946,1
544480,602002,1
544480,409038,1
678946,602002,1
678946,409038,1
602002,409038,1
8751007,2435900,1
1408911,1402678,1
11396892,894824,1
582771,9990379,1
2205857,2689098,1
2205857,2146116,1
2205857,1318340,1
2689098,2146116,1
2689098,1318340,1
2146116,1318340,1
10195841,13235127,1
13756405,8605310,1
1081844,8078655,1
10166965,10721797,1
7501790,13729822,1
3742937,10968118,1
6446288,8577328,1
10413268,3240868,1
13618644,3184466,1
9349871,9047931,1
2648788,9400582,1
3562811,12768739,1
10449474,13177617,1
9385150,9045312,1
9385150,9319960,1
9045312,9319960,1
6141481,13895611,1
7431529,13537327,1
8000641,8593605,1
8000641,7539549,1
8593605,7539549,1
2057898,397868,1
7932919,7906938,1
7932919,1495131,1
7906938,1495131,1
9393646,9388779,1
8245474,1680063,1
402226,6381258,1
13238890,5894919,1
1736382,9889030,1
6754152,13846211,1
6754152,13827973,1
13846211,13827973,1
2657376,197655,1
9593241,13500555,1
383208,2079669,1
13624444,2102564,1
13624444,2044252,1
2102564,2044252,1
9546410,3149019,1
7939348,2002155,1
12723561,13140090,1
703526,806704,1
703526,699090,1
806704,699090,1
10641494,11872888,1
2909741,1413368,1
6573151,5950793,1
6573151,6562144,1
5950793,6562144,1
12913639,1185313,1
9018734,3790502,1
13047547,12711800,1
13047547,12038281,1
13047547,7487110,1
13047547,3674091,1
12711800,12038281,1
12711800,7487110,1
12711800,3674091,1
12038281,7487110,1
12038281,3674091,1
7487110,3674091,1
8511750,8642463,1
1726041,10775865,1
13616362,13245077,1
3615614,10591574,1
12393565,8068119,1
12393565,6622713,1
8068119,6622713,1
10174860,13246710,1
11680331,11706902,1
11680331,4099260,1
11706902,4099260,1
13156947,11500660,1
13156947,1712312,1
11500660,1712312,1
13747502,13783417,1
13747502,7955605,1
13783417,7955605,1
8331054,947001,1
9190065,382073,1
13528514,1695328,1
13689075,3012347,1
1432651,32749,1
8858889,2269567,1
764203,6106418,1
2612435,2416715,1
8197421,8427969,1
12555838,13757128,1
2655590,2636929,1
12727332,7088630,1
12727332,1737832,1
7088630,1737832,1
1690659,1746881,1
6645330,10332846,1
8542171,3665020,1
8542171,12298523,1
3665020,12298523,1
13655610,13650651,1
13655610,13637263,1
13650651,13637263,1
1102153,8304731,1
5991431,6003974,1
8647985,3973190,1
8647985,11995904,1
3973190,11995904,1
3561083,2689282,1
10160385,3144613,1
10160385,9101585,1
3144613,9101585,1
6490266,11372292,1
10357156,13126728,1
3335975,3549681,1
5955800,1128570,1
8088044,11641928,1
8088044,3083640,1
11641928,3083640,1
2763248,13685196,1
6009519,5980074,1
6009519,6009520,1
5980074,6009520,1
11274124,11696416,1
11274124,1487168,1
11696416,1487168,1
311300,93485,1
311300,9728182,1
93485,9728182,1
9865681,3315285,1
306966,9351010,1
306966,9068823,1
9351010,9068823,1
11715328,1467108,1
13033917,1766064,1
1743980,13708925,1
1743980,13689365,1
13708925,13689365,1
2772851,1296689,1
11822904,6077058,1
11822904,7778034,1
6077058,7778034,1
6939875,6928188,1
1049921,8055215,1
12512210,6970348,1
3083317,13060033,1
1425931,185272,1
2526974,5894179,1
6333450,13944348,1
522473,11841216,1
7243820,831354,1
3999747,2986554,1
1080604,11602407,1
12633334,6744946,1
13103944,12422479,1
10517204,9130030,1
10517204,9291073,1
9130030,9291073,1
13227826,13502602,1
13227826,12445306,1
13502602,12445306,1
797378,557812,1
797378,451887,1
557812,451887,1
12523080,3350466,1
12523080,12331517,1
3350466,12331517,1
8152740,12162515,1
7329519,310910,1
6904205,1772282,1
7766953,2155536,1
1467837,7051863,1
3259760,12609027,1
9723262,12103818,1
13699941,2994104,1
11986512,8503187,1
6460300,9899473,1
6460300,12513318,1
9899473,12513318,1
11291753,6419345,1
6654765,8977650,1
6654765,14043485,1
8977650,14043485,1
14021263,1652748,1
7631866,3315890,1
12016220,3287048,1
1709110,9364797,1
13521656,13762473,1
2258413,12953002,1
8101029,3299989,1
3359578,9980092,1
9108685,10222417,1
13039525,3299496,1
8692023,7879304,1
8692023,7712703,1
7879304,7712703,1
6254064,10447588,1
6254064,6257856,1
10447588,6257856,1
9115611,6766342,1
2378141,978028,1
885497,7239450,1
13539754,2191780,1
2462238,2513643,1
6045639,13971647,1
6045639,449456,1
13971647,449456,1
13264967,14098230,1
7471402,8071116,1
3773048,8935338,1
9270453,12881401,1
14102076,12720421,1
8686403,1685143,1
8686403,3214612,1
1685143,3214612,1
2728138,3154378,1
13335249,6744436,1
1141539,11263336,1
725129,3734194,1
725129,9911782,1
3734194,9911782,1
10987397,9243303,1
744767,11840808,1
12811556,6799718,1
2464521,10997291,1
1846786,1855844,1
13387742,337087,1
2269401,6926458,1
12956716,13625974,1
1490106,7296760,1
9773296,8450819,1
658902,6162323,1
12945157,1353584,1
12945157,1412130,1
12945157,6912385,1
1353584,1412130,1
1353584,6912385,1
1412130,6912385,1
11705249,3941198,1
9125372,10214565,1
9291916,10341111,1
8831192,3115661,1
8490128,9945034,1
8970658,14072378,1
984653,8027543,1
12844108,6802742,1
2212893,2517485,1
8723843,8719435,1
12540798,2176068,1
2514578,1057656,1
2514578,932827,1
1057656,932827,1
9953331,759207,1
9953331,9637684,1
759207,9637684,1
10690577,2746270,1
3490640,7947796,1
2359282,2680372,1
2359282,13042351,1
2359282,12915474,1
2680372,13042351,1
2680372,12915474,1
13042351,12915474,1
9143458,3667830,1
9143458,9314865,1
9143458,311760,1
3667830,9314865,1
3667830,311760,1
9314865,311760,1
3106367,6457447,1
3106367,3106257,1
3106367,3076387,1
6457447,3106257,1
6457447,3076387,1
3106257,3076387,1
6408231,7438683,1
6408231,1056751,1
7438683,1056751,1
515497,6021372,1
8840803,12766714,1
8840803,12819175,1
12766714,12819175,1
12637817,3394555,1
8978984,3810042,1
3720127,6257864,1
3720127,13257231,1
6257864,13257231,1
9010487,8971076,1
9173000,10209897,1
2749323,2754412,1
10780020,6503029,1
7984107,9240951,1
6307615,1148319,1
6307615,8207670,1
1148319,8207670,1
13493017,8698233,1
12283725,2362168,1
6990332,10599014,1
6990332,10569144,1
10599014,10569144,1
4044057,2895200,1
13155250,8450355,1
8624887,1141659,1
7985856,12439435,1
9362745,9547753,1
2152132,9626788,1
7872525,7068685,1
10667248,10789945,1
12401522,9211006,1
3176451,8194225,1
8662947,12167708,1
6205054,9408010,1
13752811,13984111,1
13752811,13762992,1
13984111,13762992,1
3143994,12858184,1
1370955,2227052,1
8654188,12375435,1
8603753,8420874,1
3736900,7472561,1
5890301,13272306,1
6896697,8798683,1
13380145,6741447,1
6331712,8563875,1
12947200,3340520,1
2843449,3005743,1
9492076,10221701,1
9492076,10338335,1
9492076,12391612,1
10221701,10338335,1
10221701,12391612,1
10338335,12391612,1
8186300,292782,1
27599,11608905,1
27599,7658154,1
11608905,7658154,1
6149695,789551,1
2981135,72541,1
2981135,9863706,1
72541,9863706,1
6827440,13485493,1
3668986,13925967,1
3668986,3460677,1
3668986,13907720,1
13925967,3460677,1
13925967,13907720,1
3460677,13907720,1
68049,2985458,1
9042004,7965448,1
8942634,3805221,1
8794436,8833694,1
7090638,3393914,1
13606608,6791312,1
13764370,12832244,1
13764370,12845281,1
12832244,12845281,1
1963628,303875,1
11947568,10540877,1
11947568,8270935,1
11947568,991948,1
11947568,8654526,1
10540877,8270935,1
10540877,991948,1
10540877,8654526,1
8270935,991948,1
8270935,8654526,1
991948,8654526,1
7228021,10323341,1
8812490,5842545,1
2611020,6249069,1
2611020,967450,1
6249069,967450,1
13391703,1637314,1
3211187,3495609,1
3211187,9957172,1
3495609,9957172,1
13258715,12826609,1
13258715,12944381,1
12826609,12944381,1
1820722,1604565,1
1820722,1790651,1
1604565,1790651,1
6454286,13036492,1
980268,7708825,1
1492824,7003081,1
1492824,1497324,1
7003081,1497324,1
3325049,8615757,1
2517543,10929231,1
13792717,12315539,1
13792717,3681718,1
13792717,12909630,1
12315539,3681718,1
12315539,12909630,1
3681718,12909630,1
9790827,3190220,1
1195536,1269933,1
1195536,882377,1
1269933,882377,1
223139,9935120,1
8384032,8669803,1
8384032,7571438,1
8669803,7571438,1
9931867,11486169,1
9931867,3111371,1
9931867,1747045,1
11486169,3111371,1
11486169,1747045,1
3111371,1747045,1
12511813,3281973,1
9794825,12103766,1
14153097,6467059,1
3567897,8170551,1
1726355,13156379,1
11599877,11579352,1
10708114,10656440,1
10708114,10765359,1
10656440,10765359,1
13938514,13937165,1
13938514,8539394,1
13937165,8539394,1
1860880,248471,1
1496551,6801737,1
12171597,10829049,1
12171597,2401537,1
10829049,2401537,1
392228,2248031,1
7758066,7064555,1
10321892,8381775,1
10321892,12041751,1
8381775,12041751,1
7219466,10080206,1
8949467,8901628,1
8949467,8898411,1
8901628,8898411,1
6267940,2690632,1
13768115,5949346,1
13768115,6511746,1
5949346,6511746,1
12383853,13503288,1
12383853,12382611,1
13503288,12382611,1
6410347,10673195,1
2216629,10041969,1
1947444,1974871,1
9555642,6842313,1
1500966,7138592,1
13775206,14001411,1
11433325,7488664,1
2843208,910541,1
2478532,2506331,1
2478532,7793808,1
2506331,7793808,1
13223235,10034989,1
6725965,6780366,1
3991174,12827333,1
2693811,10946381,1
2693811,2387098,1
10946381,2387098,1
11588647,11219075,1
11588647,11354874,1
11219075,11354874,1
7497819,9823416,1
6245011,9578487,1
6245011,9457546,1
9578487,9457546,1
715686,7280702,1
13955190,11716520,1
13955190,12588845,1
11716520,12588845,1
9295019,12638606,1
8027937,6075694,1
11588763,72170,1
11588763,12123739,1
11588763,1432989,1
11588763,1434102,1
72170,12123739,1
72170,1432989,1
72170,1434102,1
12123739,1432989,1
12123739,1434102,1
1432989,1434102,1
10069338,10594787,1
1480765,1662337,1
8527898,10019280,1
1880335,12656832,1
12830029,12488085,1
12830029,2258884,1
12830029,9430201,1
12488085,2258884,1
12488085,9430201,1
2258884,9430201,1
13089039,10344299,1
13089039,8258857,1
10344299,8258857,1
12368258,9011088,1
11633828,934314,1
7403992,1051945,1
6363506,1683577,1
6363506,7730846,1
1683577,7730846,1
9158068,2552252,1
13183364,2659544,1
9109123,11331338,1
9109123,9171949,1
9109123,9289183,1
11331338,9171949,1
11331338,9289183,1
9171949,9289183,1
5912752,2629046,1
6329488,8542647,1
5960876,6575857,1
9310550,2165779,1
1019348,11641832,1
11309187,11277885,1
11309187,1156149,1
11277885,1156149,1
12925269,10282929,1
12925269,13741755,1
12925269,9701633,1
10282929,13741755,1
10282929,9701633,1
13741755,9701633,1
9233617,8373978,1
6728406,13130885,1
7770401,1184421,1
10991324,14099344,1
9567259,2109831,1
2329376,3162528,1
8950460,7758330,1
7261591,1216549,1
12257997,291133,1
3105294,3045772,1
3187629,12340569,1
3809932,8893689,1
3809932,8915080,1
3809932,9002102,1
8893689,8915080,1
8893689,9002102,1
8915080,9002102,1
3323834,9431871,1
3323834,5908009,1
9431871,5908009,1
3556256,12824579,1
7071267,7019631,1
7071267,2006029,1
7019631,2006029,1
13784127,8598315,1
8343623,3702843,1
12000426,8418586,1
13079593,5895796,1
9296658,9372129,1
10712596,10864574,1
10712596,10830614,1
10864574,10830614,1
1714306,10816724,1
375185,2136334,1
1400337,2145087,1
757921,602169,1
779904,7040720,1
10756321,15198,1
3514423,12737572,1
14046273,6542806,1
8289782,9658989,1
13505244,2881240,1
13505244,2852128,1
13505244,12391579,1
2881240,2852128,1
2881240,12391579,1
2852128,12391579,1
2654359,8432923,1
2654359,7735620,1
8432923,7735620,1
3025661,10690315,1
3025661,4049874,1
10690315,4049874,1
1736139,9703790,1
7732025,12025739,1
2882073,10803288,1
9822497,3660976,1
6549627,7132760,1
3759123,3820471,1
3759123,8985046,1
3820471,8985046,1
13643675,1352677,1
10042370,10358690,1
6606108,1720671,1
6606108,12817809,1
1720671,12817809,1
1749340,12840007,1
328226,9215403,1
13139019,8855749,1
13139019,12524138,1
8855749,12524138,1
11336033,2887598,1
2858336,3907747,1
2858336,2865872,1
3907747,2865872,1
8020801,9069183,1
8820259,8847618,1
8392521,8354021,1
8392521,7449624,1
8354021,7449624,1
709806,12644475,1
7451780,6442595,1
614890,1657767,1
614890,919826,1
1657767,919826,1
9047470,9169613,1
6900075,1486578,1
1766536,9213153,1
11042560,8739445,1
1319140,6581258,1
9961167,1709461,1
9864111,3322591,1
10016937,10052135,1
1147399,7783219,1
880694,3981077,1
880694,4024893,1
880694,14052762,1
3981077,4024893,1
3981077,14052762,1
4024893,14052762,1
8561789,11311319,1
8561789,8446611,1
11311319,8446611,1
5950015,8126408,1
1574156,6302689,1
1048161,1987346,1
944296,8644278,1
11641837,8766582,1
6744336,13005544,1
6744336,5859060,1
13005544,5859060,1
3247286,3259303,1
10945518,13864959,1
10945518,3298947,1
13864959,3298947,1
3059960,8430505,1
7102486,8747239,1
832062,1966487,1
9149582,3145521,1
9677928,9900487,1
9677928,10820748,1
9900487,10820748,1
8327886,3968317,1
8505833,12934142,1
12928307,10276023,1
889666,1270404,1
1686091,13575401,1
13268094,13167225,1
13268094,12741413,1
13268094,12656515,1
13167225,12741413,1
13167225,12656515,1
12741413,12656515,1
2575340,6587782,1
7002232,6528751,1
2580007,6276811,1
6864129,1773784,1
2918855,11373690,1
3236868,3264895,1
3236868,3552333,1
3264895,3552333,1
12152935,7615817,1
3269608,3729505,1
12614917,9853404,1
11644565,1159387,1
12897625,9675966,1
10013587,2693300,1
10013587,2720740,1
2693300,2720740,1
11826037,11861436,1
11826037,11828879,1
11861436,11828879,1
7310442,13801328,1
740163,5968595,1
1955265,1729630,1
13477360,10010327,1
10825026,11541517,1
2033766,388492,1
120165,3094430,1
13746076,7015962,1
522066,10359088,1
6573705,7110606,1
6573705,13391684,1
6573705,7108013,1
7110606,13391684,1
7110606,7108013,1
13391684,7108013,1
3228784,9958356,1
1702109,3283688,1
1702109,12925029,1
3283688,12925029,1
6292674,1176891,1
13523548,11914983,1
392490,10169442,1
13138770,12631614,1
13138770,13486336,1
12631614,13486336,1
4044688,13448874,1
7460413,1022649,1
2391975,2736292,1
12722594,3735540,1
1352678,6632838,1
1352678,9011126,1
1352678,2395991,1
6632838,9011126,1
6632838,2395991,1
9011126,2395991,1
6507685,13960032,1
3351392,3271901,1
13817658,14086156,1
13817658,10591095,1
14086156,10591095,1
6299202,11343306,1
12843169,12748976,1
12843169,12317422,1
12748976,12317422,1
3221505,9937024,1
649111,7262735,1
7481642,8311784,1
9971689,10265064,1
2103410,2105147,1
2103410,2057455,1
2105147,2057455,1
3178383,34383,1
3178383,9955121,1
34383,9955121,1
2739215,6882765,1
2739215,13214143,1
2739215,6860096,1
6882765,13214143,1
6882765,6860096,1
13214143,6860096,1
6109000,660025,1
11462035,11526677,1
11462035,11477992,1
11526677,11477992,1
12924679,7225524,1
13407239,10031173,1
13407239,10204708,1
10031173,10204708,1
13757066,1091720,1
3176455,13018535,1
8042107,6623858,1
8042107,12507505,1
6623858,12507505,1
7973214,13782039,1
118959,1730185,1
11013021,11920108,1
330226,3227285,1
9163445,1087528,1
7762689,1054328,1
10326048,10489863,1
6760512,6922429,1
765365,569898,1
765365,499534,1
765365,7973841,1
765365,7093441,1
569898,499534,1
569898,7973841,1
569898,7093441,1
499534,7973841,1
499534,7093441,1
7973841,7093441,1
12135798,7320184,1
10211050,6635760,1
3805123,3549105,1
3805123,10458165,1
3549105,10458165,1
11710526,3925185,1
6152127,6086317,1
6152127,13764079,1
6086317,13764079,1
3666759,9237571,1
10567600,1758735,1
3539082,12915428,1
897048,1243961,1
897048,1196773,1
897048,832681,1
1243961,1196773,1
1243961,832681,1
1196773,832681,1
6846292,6941158,1
3586283,7467607,1
9108308,12753584,1
9591284,9617545,1
12712321,10314316,1
9159453,11620100,1
9159453,10170069,1
9159453,9258330,1
9159453,10166359,1
11620100,10170069,1
11620100,9258330,1
11620100,10166359,1
10170069,9258330,1
10170069,10166359,1
9258330,10166359,1
13944569,3043341,1
13944569,6408056,1
3043341,6408056,1
14090309,8994754,1
3915589,11977282,1
3915589,8039232,1
11977282,8039232,1
1026104,9527902,1
9872870,3729723,1
9590287,1373241,1
349924,11478862,1
9751160,9751159,1
9751160,9823332,1
9751159,9823332,1
10399024,6286000,1
6715762,227129,1
12530736,8924104,1
7051175,8576280,1
7051175,11802542,1
8576280,11802542,1
2238085,9545447,1
7987650,9861937,1
7778087,1048464,1
9226352,10226512,1
6654707,3179125,1
6654707,3322732,1
6654707,8670113,1
3179125,3322732,1
3179125,8670113,1
3322732,8670113,1
2088139,6766627,1
2088139,2052215,1
2088139,1324649,1
2088139,2083011,1
6766627,2052215,1
6766627,1324649,1
6766627,2083011,1
2052215,1324649,1
2052215,2083011,1
1324649,2083011,1
12383778,12489260,1
12383778,13521436,1
12489260,13521436,1
6773042,13247655,1
9351810,8648246,1
9351810,9220640,1
8648246,9220640,1
6293546,9110385,1
1437835,1437825,1
1437835,1424532,1
1437825,1424532,1
13503521,3210151,1
6077981,1448602,1
2420297,8882568,1
4004415,11099316,1
13160305,6821830,1
13160305,6689229,1
6821830,6689229,1
12026174,11639643,1
2401490,8459436,1
10979316,10927326,1
934479,11991134,1
3826976,4110406,1
3826976,3826977,1
4110406,3826977,1
3908480,3108076,1
2373790,7599524,1
12526768,8258283,1
142966,52397,1
5888189,12629260,1
2403788,2676374,1
6339277,7033854,1
938822,8874776,1
938822,8846932,1
938822,8025019,1
8874776,8846932,1
8874776,8025019,1
8846932,8025019,1
417889,9866305,1
6390089,358404,1
6390089,6466606,1
6390089,8643687,1
358404,6466606,1
358404,8643687,1
6466606,8643687,1
3381694,9866600,1
3381694,13105555,1
9866600,13105555,1
1666390,1639751,1
1666390,1601336,1
1639751,1601336,1
694500,6557135,1
13099440,1778018,1
9044270,262924,1
8308519,3492371,1
10364732,13972772,1
1052934,8351595,1
2573956,1696488,1
9236398,9130149,1
8351996,9202093,1
7932449,1126087,1
3669661,12926589,1
6065294,495123,1
6065294,824942,1
495123,824942,1
6609499,6652215,1
6277126,1811265,1
6277126,2361351,1
1811265,2361351,1
12393937,12419774,1
13049883,12416566,1
13049883,12660001,1
12416566,12660001,1
2352592,2352593,1
2352592,2450740,1
2352593,2450740,1
7127714,1873770,1
10738197,12287607,1
12939726,12533951,1
12939726,12939725,1
12533951,12939725,1
3878347,4091624,1
12286433,6791991,1
10580218,12340824,1
731090,629062,1
10336482,831437,1
1743347,9657407,1
9617435,10173996,1
3281812,6616011,1
3260532,2807112,1
8553044,2012454,1
7161851,760860,1
446314,5979864,1
2887153,10717900,1
490998,1911783,1
490998,1861518,1
1911783,1861518,1
12361921,4180923,1
9291680,3446948,1
9291680,9315070,1
9291680,9070355,1
3446948,9315070,1
3446948,9070355,1
9315070,9070355,1
9677767,532281,1
11213687,1881128,1
8552554,12129498,1
8552554,12030740,1
12129498,12030740,1
9613174,9537153,1
7443418,11908263,1
14013996,9090766,1
8436359,9157367,1
11201777,938938,1
6492721,1602696,1
3389925,3907033,1
3131315,9547455,1
3131315,9441618,1
9547455,9441618,1
6319300,6318900,1
6319300,6342257,1
6318900,6342257,1
13928423,9071819,1
11414231,1923936,1
13048551,3366546,1
6745164,6781345,1
6745164,12734141,1
6781345,12734141,1
3235320,91220,1
3235320,9865350,1
3235320,9930113,1
3235320,3326652,1
91220,9865350,1
91220,9930113,1
91220,3326652,1
9865350,9930113,1
9865350,3326652,1
9930113,3326652,1
9069461,11470245,1
9069461,2563210,1
11470245,2563210,1
13071017,3570062,1
5886223,10755446,1
1080607,8564190,1
1080607,1164668,1
8564190,1164668,1
7991008,7581338,1
3861520,385888,1
10811611,10651853,1
10811611,2970122,1
10811611,6393288,1
10651853,2970122,1
10651853,6393288,1
2970122,6393288,1
11357058,11261385,1
11357058,1015738,1
11261385,1015738,1
6540569,7061928,1
6540569,830977,1
6540569,1529148,1
7061928,830977,1
7061928,1529148,1
830977,1529148,1
9224729,11305207,1
12674670,1731008,1
12140713,7791586,1
13037687,3201381,1
8362670,6033068,1
2102299,2075218,1
10172353,3116616,1
12280580,2515909,1
1022905,11591984,1
1022905,11192629,1
11591984,11192629,1
1969641,10625680,1
9875331,9976640,1
9875331,6303139,1
9976640,6303139,1
6966312,3166172,1
6966312,6994462,1
3166172,6994462,1
337439,12808660,1
197305,12381785,1
197305,3210162,1
12381785,3210162,1
10726711,2916916,1
12938783,3391554,1
989241,1010294,1
10819445,11043342,1
7763416,8655690,1
7763416,8529751,1
8655690,8529751,1
12623766,9979907,1
6609465,8987201,1
12815664,10319837,1
12815664,12759878,1
10319837,12759878,1
5903720,6617774,1
12063055,12613675,1
452532,764740,1
13725039,1202668,1
13277177,12380206,1
257865,357256,1
257865,346837,1
357256,346837,1
2713031,2510648,1
537157,7159138,1
2392877,10393128,1
2392877,2678161,1
10393128,2678161,1
8499728,3843303,1
8499728,11998424,1
3843303,11998424,1
1454991,1599655,1
68628,9842647,1
68628,1700613,1
9842647,1700613,1
6959864,11624774,1
13870531,13915677,1
3919503,13229100,1
10215208,13027107,1
8100514,990771,1
1015158,7322259,1
1319244,6975468,1
10630682,588589,1
1333082,9505067,1
803970,12075692,1
819995,1538230,1
6375191,3878894,1
3544974,3173280,1
3544974,12289990,1
3173280,12289990,1
13219654,6751985,1
3060546,4106829,1
1644538,895165,1
2297957,2577834,1
3643324,12709845,1
3643324,6884100,1
12709845,6884100,1
12404944,2161429,1
1972907,8584642,1
11321727,982818,1
1212590,886182,1
9242239,7403526,1
9242239,12304929,1
7403526,12304929,1
9022988,8961427,1
613650,7311211,1
14099049,14062066,1
3980269,3069245,1
1982673,1913559,1
1982673,1963893,1
1913559,1963893,1
4086250,8917660,1
6098424,518619,1
7708056,1028629,1
7708056,6648441,1
7708056,12297265,1
1028629,6648441,1
1028629,12297265,1
6648441,12297265,1
292847,9081442,1
10973999,10983316,1
10973999,10890903,1
10973999,10901750,1
10983316,10890903,1
10983316,10901750,1
10890903,10901750,1
10964990,10840979,1
10964990,10985681,1
10840979,10985681,1
12294347,1765721,1
12294347,3173387,1
1765721,3173387,1
13091847,6778543,1
2356033,2349262,1
2356033,2452771,1
2349262,2452771,1
1296786,2784144,1
8757237,5889190,1
8757237,6578909,1
5889190,6578909,1
873880,1653402,1
7490758,7475638,1
7490758,8392932,1
7475638,8392932,1
7763908,13545482,1
8836446,13900407,1
6757288,12501154,1
258396,2048908,1
8033160,8693572,1
13154581,9706527,1
13154581,12309376,1
9706527,12309376,1
648114,694894,1
648114,671247,1
694894,671247,1
7117961,10619513,1
12486834,13392869,1
12486834,12519222,1
13392869,12519222,1
13632390,12222702,1
12533518,1415855,1
12533518,9242821,1
1415855,9242821,1
12804257,9638653,1
6645548,13421583,1
6579281,1650816,1
2689571,2652580,1
11290344,6452497,1
11290344,11369412,1
6452497,11369412,1
3622849,3971833,1
3622849,8847979,1
3622849,8496127,1
3622849,6304004,1
3622849,8273062,1
3971833,8847979,1
3971833,8496127,1
3971833,6304004,1
3971833,8273062,1
8847979,8496127,1
8847979,6304004,1
8847979,8273062,1
8496127,6304004,1
8496127,8273062,1
6304004,8273062,1
4095300,287539,1
4095300,3021021,1
287539,3021021,1
430861,10630938,1
430861,10647725,1
430861,429156,1
430861,10614156,1
10630938,10647725,1
10630938,429156,1
10630938,10614156,1
10647725,429156,1
10647725,10614156,1
429156,10614156,1
9034011,447094,1
9034011,10185081,1
447094,10185081,1
3399236,10972800,1
9737345,9752804,1
11508198,6276889,1
13049470,13024850,1
13049470,12327019,1
13024850,12327019,1
9934639,9728052,1
9934639,12757989,1
9934639,12623596,1
9728052,12757989,1
9728052,12623596,1
12757989,12623596,1
3565561,1527000,1
3565561,831761,1
3565561,12532725,1
1527000,831761,1
1527000,12532725,1
831761,12532725,1
6847408,10386218,1
6847408,6982877,1
10386218,6982877,1
2614409,2630932,1
387295,3678255,1
985626,10076147,1
9122021,10159504,1
10413940,13347992,1
3028840,11274742,1
3944671,7923849,1
10419252,1400589,1
13184288,12300101,1
13184288,12668224,1
12300101,12668224,1
12666850,8526923,1
10914272,10947233,1
10914272,12488324,1
10947233,12488324,1
9420205,9612404,1
11228680,8021264,1
8976331,3765291,1
2726377,7764998,1
11658551,11779219,1
9885460,3399649,1
1459705,1448794,1
1459705,1492535,1
1448794,1492535,1
11806313,6140979,1
8316815,13243370,1
8653033,12060204,1
1771381,12686393,1
3247317,3648226,1
616456,11447440,1
8344794,7585056,1
5909841,2689157,1
2842759,11261852,1
2842759,11335843,1
11261852,11335843,1
7660667,1467441,1
11326020,6462523,1
7973064,502456,1
7973064,7655687,1
7973064,7164012,1
7973064,7181154,1
502456,7655687,1
502456,7164012,1
502456,7181154,1
7655687,7164012,1
7655687,7181154,1
7164012,7181154,1
3193397,9936715,1
11308889,6377165,1
7766769,11588967,1
13266855,2784958,1
8916631,12655004,1
8916631,3766900,1
8916631,8976804,1
12655004,3766900,1
12655004,8976804,1
3766900,8976804,1
1657619,8259686,1
1657619,7436977,1
8259686,7436977,1
3855466,7339242,1
165349,30435,1
165349,10362790,1
30435,10362790,1
12543245,7342159,1
12543245,9243887,1
7342159,9243887,1
6730845,6767919,1
346151,402827,1
471325,9746979,1
12508406,14078683,1
1398851,2176379,1
977594,8642199,1
8915679,12309397,1
8915679,12489520,1
12309397,12489520,1
881218,13733666,1
10641363,6130881,1
10641363,10626230,1
10641363,10623299,1
10641363,455816,1
10641363,699655,1
6130881,10626230,1
6130881,10623299,1
6130881,455816,1
6130881,699655,1
10626230,10623299,1
10626230,455816,1
10626230,699655,1
10623299,455816,1
10623299,699655,1
455816,699655,1
12921287,13381067,1
12921287,12821961,1
13381067,12821961,1
1450761,2005320,1
6967995,10516099,1
293706,13006911,1
9707229,8524174,1
9707229,8229576,1
8524174,8229576,1
5901598,6883136,1
9067630,299906,1
11421124,3885267,1
11421124,145178,1
11421124,11409175,1
3885267,145178,1
3885267,11409175,1
145178,11409175,1
6143835,6047096,1
6143835,6046969,1
6047096,6046969,1
8886748,1652440,1
11675171,2963174,1
6580901,894863,1
8430357,10955798,1
9071817,9795302,1
6925705,3277245,1
6925705,13118543,1
3277245,13118543,1
6746211,12551167,1
9261700,3395695,1
3446025,4186854,1
1853206,1850469,1
10711925,3038002,1
6111670,635533,1
8987323,3774065,1
880323,816660,1
880323,7280205,1
880323,1244783,1
816660,7280205,1
816660,1244783,1
7280205,1244783,1
9363488,13051845,1
11192456,1175616,1
6121238,6717717,1
6121238,9506294,1
6121238,12741862,1
6121238,10616651,1
6717717,9506294,1
6717717,12741862,1
6717717,10616651,1
9506294,12741862,1
9506294,10616651,1
12741862,10616651,1
8025286,1538552,1
1308600,2223862,1
10245402,10145397,1
12305491,3724730,1
12305491,12603838,1
3724730,12603838,1
7033933,6308998,1
9390947,13158099,1
10821707,9913710,1
2571737,11710058,1
2571737,9295338,1
11710058,9295338,1
6669938,6798016,1
12404658,4045485,1
12404658,6816462,1
4045485,6816462,1
718313,11397693,1
782836,803162,1
782836,8675436,1
782836,8690238,1
803162,8675436,1
803162,8690238,1
8675436,8690238,1
53230,3255660,1
13246268,12768850,1
13246268,6778813,1
12768850,6778813,1
10367886,12401072,1
3289524,10323131,1
3289524,3274425,1
10323131,3274425,1
10169837,9045435,1
10457622,12331032,1
10457622,10415523,1
12331032,10415523,1
9241250,3023106,1
11320940,3108362,1
3348136,13556806,1
8379877,8219972,1
383672,3928170,1
12141775,357396,1
12141775,9155564,1
357396,9155564,1
342378,11280150,1
6467641,9845591,1
13138523,4015167,1
13175060,13619277,1
493173,3991345,1
4186825,3947427,1
4184985,12908754,1
3025628,9273216,1
13934627,13006864,1
13934627,13043256,1
13006864,13043256,1
11834379,6123003,1
6740541,12470188,1
9060527,281277,1
10942238,9091389,1
2374574,2165974,1
2374574,10012367,1
2165974,10012367,1
11584581,11602242,1
6693389,13848848,1
6693389,13927418,1
13848848,13927418,1
9262321,10235021,1
2070994,13043369,1
12058774,7478701,1
11188698,1027445,1
3404921,10289868,1
9891131,1331142,1
8976419,10710993,1
8976419,10797557,1
10710993,10797557,1
12162704,8253605,1
6651189,6805678,1
6651189,12315214,1
6805678,12315214,1
12819035,11555511,1
12851690,3623566,1
2442492,2509043,1
2442492,2685224,1
2509043,2685224,1
9660335,3363876,1
947393,11320204,1
1220141,13947667,1
1676614,7768956,1
13973673,11764644,1
4161557,1018530,1
7014329,988647,1
7014329,7586356,1
7014329,8051605,1
988647,7586356,1
988647,8051605,1
7586356,8051605,1
2918508,10781959,1
13175824,12843023,1
13175824,10387959,1
12843023,10387959,1
4001348,9317211,1
12687974,8510230,1
9152139,121437,1
8606705,4005805,1
2441214,9023061,1
2441214,10980724,1
9023061,10980724,1
7588945,1087131,1
720746,10260571,1
3177535,9143723,1
3177535,36471,1
9143723,36471,1
1229035,1522641,1
611604,3398865,1
13169575,12121317,1
609669,13695646,1
6959484,6837106,1
12235294,12246491,1
12235294,12206846,1
12246491,12206846,1
6609170,2374541,1
1526970,3021463,1
1526970,11731201,1
1526970,11780135,1
1526970,11741962,1
3021463,11731201,1
3021463,11780135,1
3021463,11741962,1
11731201,11780135,1
11731201,11741962,1
11780135,11741962,1
6747498,12350923,1
6747498,6787251,1
12350923,6787251,1
10766416,10578328,1
6973043,6654285,1
8926113,3810281,1
8926113,8910300,1
3810281,8910300,1
10317564,8807928,1
6487415,6357052,1
3792353,8909142,1
10033974,10339727,1
10033974,10522768,1
10339727,10522768,1
6754805,10535664,1
9357942,13187564,1
9357942,13717721,1
13187564,13717721,1
6119727,8162375,1
2449150,6253971,1
12410448,13784854,1
9491694,9544009,1
13155309,3206287,1
13155309,12578271,1
3206287,12578271,1
7336428,937662,1
6441995,1783235,1
11584683,1093714,1
13604429,7469330,1
3757575,8891978,1
4064616,9983762,1
4064616,9294298,1
9983762,9294298,1
3075622,6962697,1
3838929,4066175,1
1130018,1104748,1
1130018,962821,1
1104748,962821,1
1146357,12632687,1
7972700,6445072,1
7972700,12145910,1
6445072,12145910,1
3289235,11563593,1
8481057,1075400,1
5954970,6187458,1
10260788,10968620,1
13231727,6382418,1
9577635,2223772,1
1638342,6542110,1
6815086,13906036,1
12675985,8962231,1
13642411,13659273,1
3815143,8988278,1
9820184,3710090,1
7386626,70896,1
7386626,986036,1
70896,986036,1
9186168,404709,1
12227022,13645536,1
1332442,2126129,1
11804899,6549388,1
6053333,10630392,1
185780,58253,1
9196173,757216,1
2232225,7197961,1
8597693,1546806,1
8368448,7895456,1
9909651,9870184,1
9909651,9893206,1
9909651,9912484,1
9870184,9893206,1
9870184,9912484,1
9893206,9912484,1
881946,1482366,1
13680535,7228737,1
13680535,8997577,1
7228737,8997577,1
8561695,12041184,1
1105917,11586433,1
1468226,1910796,1
2175593,2792121,1
7102690,7294465,1
7102690,13734653,1
7294465,13734653,1
2448773,1950870,1
488554,449302,1
7920578,11933740,1
12542363,6995559,1
12542363,12633288,1
6995559,12633288,1
1255078,860733,1
1255078,836280,1
860733,836280,1
7862320,11974369,1
2396864,2618445,1
2396864,2356840,1
2618445,2356840,1
7113588,7138525,1
8717017,471344,1
85237,13129625,1
7055334,8076453,1
7055334,7019381,1
8076453,7019381,1
873988,1596871,1
9912740,13187750,1
3633076,12518281,1
3371228,9855165,1
9600282,10566991,1
9600282,9570680,1
10566991,9570680,1
13186826,12964236,1
13186826,13186827,1
12964236,13186827,1
12622186,8439771,1
12622186,7939091,1
8439771,7939091,1
13254593,13169808,1
13254593,12547634,1
13169808,12547634,1
5936052,812741,1
6844271,6944512,1
2552523,6225127,1
7065259,6409840,1
13778704,13060141,1
8285306,1027112,1
12664193,115146,1
443700,6169509,1
13957636,14138253,1
13957636,14181892,1
14138253,14181892,1
13644641,295132,1
1081337,11288397,1
1081337,943395,1
1081337,1125836,1
11288397,943395,1
11288397,1125836,1
943395,1125836,1
3903536,13538612,1
5990874,6550016,1
6871482,12489168,1
1420416,7567375,1
1651819,6721869,1
13522897,3283610,1
13043223,5954425,1
2852936,11193702,1
1481457,9944608,1
3367968,12493021,1
3797035,3784342,1
3797035,3821129,1
3784342,3821129,1
3384939,3390706,1
3384939,3210569,1
3390706,3210569,1
8892531,13537468,1
8892531,3785531,1
13537468,3785531,1
13863244,10072210,1
11986635,7428078,1
2163230,9957639,1
10617830,3102977,1
784945,672717,1
6560866,11396718,1
6560866,11437447,1
11396718,11437447,1
3618627,12830576,1
8471633,3580324,1
11780580,14013177,1
13732415,6521186,1
2894270,3891436,1
7806816,12171637,1
1853276,1203737,1
11989792,8290106,1
2910203,2904908,1
7032023,1500756,1
9629574,9477936,1
9629574,2135687,1
9477936,2135687,1
12090948,6320112,1
8515809,7512442,1
8515809,8086506,1
7512442,8086506,1
10590277,13272455,1
4014360,11761205,1
7989424,12739117,1
7989424,3374501,1
12739117,3374501,1
7690046,7273521,1
1079300,7491067,1
1203007,1821420,1
1203007,1281794,1
1821420,1281794,1
9263765,11889267,1
9263765,2366539,1
9263765,9317992,1
11889267,2366539,1
11889267,9317992,1
2366539,9317992,1
972987,1054075,1
972987,1161036,1
1054075,1161036,1
8806463,6904387,1
1418321,1740,1
1418321,121402,1
1740,121402,1
3695401,9631499,1
2395501,2697412,1
8669806,7455011,1
1089935,11193286,1
262878,9284603,1
13945836,1406107,1
13945836,3911957,1
1406107,3911957,1
2652299,8044939,1
2527197,5845128,1
13972326,14022333,1
11291600,1020162,1
1780627,10688271,1
9727385,2957672,1
11407687,13017467,1
1102510,11592006,1
13718462,8027502,1
2816334,10688490,1
10115685,6777819,1
9892597,9723218,1
9892597,3382828,1
9723218,3382828,1
8008351,12976717,1
398290,1950840,1
10412258,10526341,1
13909583,9637117,1
13909583,13867976,1
9637117,13867976,1
11895382,5887353,1
11895382,2686057,1
5887353,2686057,1
414082,9527557,1
2135493,10020385,1
3844210,3984964,1
10394543,10030009,1
10394543,13629092,1
10030009,13629092,1
6280388,12669823,1
13525924,12702386,1
13525924,13217991,1
12702386,13217991,1
2763144,2772465,1
12928966,6611996,1
12928966,12354434,1
6611996,12354434,1
10638168,6065822,1
2352451,2574488,1
10066290,13115065,1
10938443,6819127,1
7983420,8666176,1
7983420,8334404,1
8666176,8334404,1
3540678,9890690,1
7096971,8435442,1
7096971,7970414,1
8435442,7970414,1
6165954,562629,1
267285,6747886,1
267285,9014136,1
6747886,9014136,1
1145975,1052171,1
6613342,13056745,1
11893319,9044568,1
11893319,11520417,1
9044568,11520417,1
1817124,1106364,1
1817124,6383581,1
1106364,6383581,1
10178989,382261,1
10096000,2267868,1
10096000,13937849,1
2267868,13937849,1
779865,11067963,1
13685731,6524015,1
13685731,7446081,1
6524015,7446081,1
6463236,11461127,1
98348,7989590,1
98348,7324221,1
7989590,7324221,1
11584271,8740367,1
3574257,10224759,1
3574257,9345722,1
3574257,13565208,1
10224759,9345722,1
10224759,13565208,1
9345722,13565208,1
6542167,11296238,1
9800995,13556971,1
9800995,2232848,1
13556971,2232848,1
13073438,1400659,1
12139159,1175711,1
7298579,601566,1
12759309,9264772,1
5889792,6885017,1
6963648,8199422,1
10243003,10153403,1
10817734,10788063,1
10817734,2938700,1
10817734,2994223,1
10788063,2938700,1
10788063,2994223,1
2938700,2994223,1
13933724,14113669,1
8923285,9022560,1
13826926,1367160,1
13826926,1393896,1
1367160,1393896,1
3757866,8962541,1
11190466,1087509,1
11190466,11290495,1
1087509,11290495,1
11947111,7869524,1
11947111,8354666,1
7869524,8354666,1
2355917,6281150,1
311131,279046,1
11943140,1132504,1
5979986,1175225,1
7020032,13741493,1
12917079,12804049,1
3067447,3986444,1
121369,9704510,1
2934361,2967613,1
307696,9314437,1
307696,239623,1
9314437,239623,1
12723890,13065086,1
12302563,9260456,1
12302563,9182421,1
9260456,9182421,1
13051951,7988888,1
13824367,1333922,1
8391736,8185199,1
12751744,6790333,1
12751744,13149715,1
6790333,13149715,1
3325042,13566227,1
2628462,2536612,1
2628462,10161185,1
2536612,10161185,1
14086558,10337173,1
10125009,10097184,1
10125009,10096665,1
10125009,10097185,1
10125009,10143053,1
10097184,10096665,1
10097184,10097185,1
10097184,10143053,1
10096665,10097185,1
10096665,10143053,1
10097185,10143053,1
3993432,3934072,1
2922960,4010247,1
3158156,9072341,1
12064796,635628,1
3936307,2982364,1
1081568,11338675,1
12607400,6150799,1
12607400,513626,1
6150799,513626,1
7490619,13762876,1
7490619,8251197,1
13762876,8251197,1
13732668,9153152,1
13732668,8512857,1
9153152,8512857,1
325540,9277751,1
13128529,13275083,1
9861962,13717840,1
9861962,12940705,1
13717840,12940705,1
13676498,13123433,1
622801,13936195,1
9201447,10397619,1
10006120,2206484,1
9044305,2568194,1
7410828,6400639,1
9031006,3155110,1
6182464,6151949,1
11201447,6351236,1
1087122,6438064,1
13060584,13269684,1
13060584,12548348,1
13269684,12548348,1
911869,11379108,1
290740,7223786,1
290740,10592457,1
7223786,10592457,1
2411337,2418630,1
6270023,2695390,1
4026351,11727443,1
12852536,3383234,1
13109926,9472587,1
13109926,9498145,1
9472587,9498145,1
799101,7184677,1
12186807,7635383,1
9332033,8082004,1
11614357,7879734,1
11225747,880018,1
11225747,11630069,1
11225747,11275246,1
880018,11630069,1
880018,11275246,1
11630069,11275246,1
9689937,13212066,1
9083169,9520332,1
9083169,3075608,1
9520332,3075608,1
1161121,8209129,1
6852366,6896199,1
12921991,6826599,1
10471521,10526124,1
9294383,12965846,1
13175311,12364512,1
2947863,3985680,1
12330652,10451805,1
12330652,12714069,1
10451805,12714069,1
8631476,8347882,1
700816,6100197,1
1494219,13958039,1
10982078,2420174,1
12443575,6818626,1
11431786,10815824,1
16179,9616908,1
1127298,965083,1
13161489,10598162,1
8653136,7033515,1
2715906,13057343,1
2715906,6270057,1
13057343,6270057,1
13704564,12169909,1
13704564,11978407,1
12169909,11978407,1
13063613,3686620,1
2106099,323535,1
13670057,10514189,1
13670057,9085179,1
10514189,9085179,1
327036,8206420,1
7483906,3271041,1
13532196,9327879,1
11913154,11891631,1
7489183,13128531,1
13093969,3177764,1
10699010,10733692,1
10699010,10745105,1
10733692,10745105,1
8633685,13725632,1
13249442,69856,1
10344655,10070309,1
6556646,14088127,1
6556646,721629,1
14088127,721629,1
3046781,6504679,1
1133760,8536461,1
916891,889772,1
916891,6555829,1
889772,6555829,1
2520363,164439,1
2520363,148874,1
164439,148874,1
12614943,6828982,1
12614943,13907224,1
6828982,13907224,1
10445674,3810205,1
3936707,515922,1
6094084,8697510,1
7477491,12141419,1
10416638,11930722,1
10416638,11928121,1
11930722,11928121,1
3075576,2858307,1
3810804,8924654,1
3810804,8945299,1
8924654,8945299,1
12533295,6612110,1
9894962,1693311,1
8310145,13717497,1
9269356,3696274,1
2607491,2564165,1
13274176,6622643,1
1254285,7013722,1
1254285,1286671,1
7013722,1286671,1
10179607,10230314,1
10179607,9339766,1
10230314,9339766,1
10485410,1358618,1
8758260,8059348,1
3168895,2120477,1
12565278,6707449,1
12565278,12527260,1
12565278,13047661,1
6707449,12527260,1
6707449,13047661,1
12527260,13047661,1
2470785,13391390,1
998417,1091055,1
998417,6444598,1
1091055,6444598,1
3834511,199193,1
6203500,10462671,1
3322298,10346163,1
12997736,13280157,1
8620937,1107271,1
12357885,6689755,1
2393320,1386297,1
1387596,10440536,1
2943648,579670,1
9753145,2568177,1
9863604,160750,1
9863604,9737450,1
160750,9737450,1
12637013,6389742,1
12527141,7497644,1
7978849,8555205,1
7978849,8023181,1
7978849,1774070,1
7978849,7039865,1
8555205,8023181,1
8555205,1774070,1
8555205,7039865,1
8023181,1774070,1
8023181,7039865,1
1774070,7039865,1
7200751,9627247,1
9214445,3865115,1
12727455,2673743,1
8760290,8876117,1
10766725,7491002,1
10766725,122129,1
7491002,122129,1
2770073,10067421,1
9840331,13272699,1
3207649,9932032,1
3207649,7724664,1
3207649,9658053,1
9932032,7724664,1
9932032,9658053,1
7724664,9658053,1
934374,11945491,1
9172424,361598,1
2448302,6225538,1
3982896,608041,1
12763663,3734917,1
7239340,7266752,1
7239340,7238696,1
7266752,7238696,1
677208,478016,1
677208,696851,1
478016,696851,1
3186331,3408733,1
5962749,484321,1
5962749,470852,1
484321,470852,1
2746634,10445319,1
2746634,2758001,1
10445319,2758001,1
10085528,12448348,1
11612985,13861264,1
6719815,6965045,1
6719815,10314727,1
6965045,10314727,1
6023410,736593,1
4041157,3086494,1
9177564,619394,1
1404843,2355341,1
3153619,303310,1
2295081,12828428,1
10669157,9802772,1
10669157,3245723,1
9802772,3245723,1
3774136,8989214,1
2206301,10380730,1
2206301,2236807,1
2206301,2207716,1
2206301,2236806,1
10380730,2236807,1
10380730,2207716,1
10380730,2236806,1
2236807,2207716,1
2236807,2236806,1
2207716,2236806,1
6989652,10585807,1
3770563,12293733,1
13216950,12507111,1
13216950,12973930,1
12507111,12973930,1
10171010,498377,1
2375950,6349456,1
156162,9892741,1
13045003,3668027,1
26172,1679689,1
14072468,6725525,1
1520396,7001064,1
12684517,3880475,1
6109006,468193,1
8901018,3780982,1
10866367,10839871,1
10866367,8767879,1
10839871,8767879,1
6443319,8580951,1
8489304,4049836,1
8489304,3022520,1
4049836,3022520,1
3793995,3299762,1
2961445,10724253,1
10304897,10298564,1
10304897,5840647,1
10298564,5840647,1
10596751,9612301,1
10448292,9359822,1
10448292,6967037,1
10448292,6956966,1
9359822,6967037,1
9359822,6956966,1
6967037,6956966,1
12555066,3275151,1
3495718,11286171,1
8979498,2793884,1
815952,1554520,1
12896659,9885071,1
12896659,1695269,1
12896659,6609936,1
9885071,1695269,1
9885071,6609936,1
1695269,6609936,1
3550060,12712596,1
3550060,117739,1
12712596,117739,1
13477041,1333752,1
3973303,12185142,1
3973303,8567920,1
12185142,8567920,1
7531642,6616783,1
12281589,10396737,1
958087,7064456,1
1673269,880587,1
4049873,2427734,1
13776509,9158262,1
12577381,12326445,1
12577381,6744036,1
12326445,6744036,1
2253877,9850633,1
12512010,13552973,1
12512010,12338101,1
12512010,12312397,1
12512010,12536624,1
13552973,12338101,1
13552973,12312397,1
13552973,12536624,1
12338101,12312397,1
12338101,12536624,1
12312397,12536624,1
1042480,3082929,1
1042480,8052111,1
3082929,8052111,1
12288509,12549234,1
12288509,9884664,1
12549234,9884664,1
2141037,1337623,1
12826180,12642350,1
2164898,1144047,1
2164898,8421923,1
1144047,8421923,1
13057382,3681965,1
7492881,2856241,1
949723,1149333,1
949723,10984575,1
1149333,10984575,1
6949695,1402756,1
6949695,9601254,1
1402756,9601254,1
13452631,13268449,1
10216525,10578891,1
7855898,12187341,1
6020155,533019,1
9800955,11043483,1
8036733,12162359,1
8036733,12073363,1
12162359,12073363,1
10766754,10665841,1
10766754,28428,1
10665841,28428,1
6815305,6651868,1
6815305,3206009,1
6651868,3206009,1
10593374,8685883,1
9698642,3278856,1
9698642,3615414,1
3278856,3615414,1
12834573,13563014,1
12834573,12315580,1
13563014,12315580,1
11192312,978327,1
3742505,14087533,1
10535653,6927078,1
10630985,10641400,1
2747722,10094122,1
2194567,1342014,1
9210232,10166004,1
6440884,7766324,1
9651326,1729253,1
1255742,6523120,1
1255742,1201292,1
6523120,1201292,1
8790034,8817876,1
3298829,2399678,1
11860545,442083,1
11860545,6129919,1
442083,6129919,1
13829147,13850725,1
3284901,10267583,1
13742042,14012832,1
8523193,2997338,1
1326267,9612544,1
3597619,1701390,1
121269,217827,1
6273161,10381981,1
6273161,6236122,1
10381981,6236122,1
13559079,3241199,1
8449301,7093403,1
13112382,10565739,1
12081395,10285965,1
12081395,163534,1
10285965,163534,1
3792144,8945391,1
6085133,783442,1
6085133,6106501,1
783442,6106501,1
5950194,11439376,1
7483619,6456703,1
5887408,10378846,1
14112467,9443852,1
14112467,8890017,1
9443852,8890017,1
8652672,13237676,1
2476403,10931038,1
11215133,6307097,1
6573313,596945,1
8116659,6378237,1
262556,9174544,1
3326626,3409792,1
9174430,1312718,1
6411205,11877706,1
9267085,13063559,1
8085304,10362146,1
2124604,6846231,1
8077260,9313309,1
8077260,12617832,1
9313309,12617832,1
9932134,12726023,1
3025318,10818027,1
9716818,6572651,1
12515678,3422756,1
10691044,1394704,1
10691044,9419219,1
10691044,1353175,1
10691044,10811621,1
1394704,9419219,1
1394704,1353175,1
1394704,10811621,1
9419219,1353175,1
9419219,10811621,1
1353175,10811621,1
11130292,3773835,1
13762564,3190814,1
13762564,12382526,1
13762564,12757053,1
3190814,12382526,1
3190814,12757053,1
12382526,12757053,1
3229084,12720968,1
1174287,1179925,1
1174287,11241987,1
1179925,11241987,1
6643865,13353643,1
8026740,10998813,1
6178279,578446,1
13738350,13548708,1
13942211,9433747,1
13942211,13816585,1
9433747,13816585,1
10200984,10170413,1
6129855,767471,1
11378156,698955,1
13118810,9169012,1
3313054,13233440,1
10689684,1743558,1
10689684,8859786,1
10689684,10653347,1
1743558,8859786,1
1743558,10653347,1
8859786,10653347,1
10930842,2725215,1
604048,6024297,1
604048,779466,1
604048,6094881,1
6024297,779466,1
6024297,6094881,1
779466,6094881,1
1799776,1684065,1
13228099,6762072,1
13228099,12698801,1
13228099,13312561,1
6762072,12698801,1
6762072,13312561,1
12698801,13312561,1
6999472,7979734,1
3691826,9959637,1
9425588,1402817,1
6815453,13554087,1
2455593,12807070,1
9969682,118483,1
2855505,2940149,1
12418879,9714217,1
9356705,366022,1
1638121,7012377,1
7706838,652289,1
1158762,7769892,1
1158762,1180820,1
7769892,1180820,1
10578195,10397256,1
9725775,12834613,1
9433907,9578640,1
9433907,9591428,1
9578640,9591428,1
9085871,989774,1
6646281,14156417,1
6646281,10779100,1
6646281,13233390,1
6646281,2865692,1
6646281,3991669,1
14156417,10779100,1
14156417,13233390,1
14156417,2865692,1
14156417,3991669,1
10779100,13233390,1
10779100,2865692,1
10779100,3991669,1
13233390,2865692,1
13233390,3991669,1
2865692,3991669,1
11916204,2495196,1
11916204,2462106,1
2495196,2462106,1
6335708,11053477,1
13623114,13125769,1
13623114,13395092,1
13125769,13395092,1
9890568,350515,1
13274716,13673418,1
13274716,11183419,1
13673418,11183419,1
13143294,6155879,1
2982109,2880791,1
11421552,7269898,1
11665489,14176861,1
11665489,1815348,1
11665489,14165659,1
14176861,1815348,1
14176861,14165659,1
1815348,14165659,1
2367398,3300024,1
12302855,9190981,1
9097000,10206212,1
4110017,7273533,1
13044067,7441281,1
13044067,3924189,1
7441281,3924189,1
188477,3179704,1
10841113,10858659,1
2929213,6753146,1
3714823,3290484,1
3893616,8488713,1
12725986,1738162,1
8943977,9010183,1
8034775,9934947,1
8034775,554037,1
9934947,554037,1
11655336,7423803,1
8694941,554318,1
10140428,6939839,1
10140428,10996673,1
6939839,10996673,1
3284647,9634580,1
10071312,10051035,1
11838738,6553795,1
11838738,427012,1
11838738,1900367,1
11838738,11813479,1
6553795,427012,1
6553795,1900367,1
6553795,11813479,1
427012,1900367,1
427012,11813479,1
1900367,11813479,1
12271295,13189359,1
11432751,10614295,1
12299101,6066490,1
12299101,575765,1
12299101,13792990,1
6066490,575765,1
6066490,13792990,1
575765,13792990,1
2666540,6257215,1
13762949,7427408,1
13762949,8339305,1
13762949,11974095,1
7427408,8339305,1
7427408,11974095,1
8339305,11974095,1
1466068,840386,1
6858629,5913550,1
9142412,403782,1
11655205,8236246,1
11251499,3066910,1
3706362,1731824,1
12090961,7034826,1
3681015,1333755,1
3681015,3659483,1
1333755,3659483,1
6573991,556168,1
13163760,566,1
1638040,7613541,1
3828286,4185374,1
3828286,11708137,1
4185374,11708137,1
7063038,2567836,1
13619779,3190102,1
13619779,13800643,1
3190102,13800643,1
7596685,7646843,1
10174530,9377510,1
10103162,1291833,1
1466754,1636175,1
1466754,1511993,1
1636175,1511993,1
3341867,9304081,1
514857,6030723,1
6343091,1212019,1
9104482,308325,1
13957451,13353090,1
14149969,1100577,1
14149969,8312702,1
1100577,8312702,1
119214,6391342,1
1962644,6140367,1
10252045,7200309,1
3877854,10778389,1
4012716,11712675,1
2378407,5897240,1
8506127,11588554,1
2662462,2272712,1
5935869,7146078,1
5935869,5997568,1
5935869,13562983,1
7146078,5997568,1
7146078,13562983,1
5997568,13562983,1
6967385,12320335,1
9660906,6889681,1
2104071,2723269,1
2104071,8525981,1
2723269,8525981,1
6730146,6820176,1
8752230,9109798,1
8294874,326434,1
12506974,12599722,1
12506974,12383750,1
12599722,12383750,1
3796387,8306085,1
2652947,6225680,1
13172232,9493550,1
8022720,966683,1
8296777,12950117,1
7588157,8257215,1
558368,7232048,1
2344440,290418,1
12762094,12736007,1
2257058,9582430,1
2843276,2931721,1
12786642,10015647,1
7664236,8459241,1
10190624,10207248,1
10190624,10221297,1
10207248,10221297,1
9677037,9065194,1
9677037,2597419,1
9065194,2597419,1
9676574,9968870,1
6232709,2500350,1
2699298,10400637,1
434207,763740,1
3392706,3378615,1
3392706,3585442,1
3378615,3585442,1
3939119,8026249,1
12325655,6942734,1
12718603,11946641,1
13999801,13702015,1
9429901,6842123,1
944088,11201802,1
944088,7971919,1
944088,8029333,1
11201802,7971919,1
11201802,8029333,1
7971919,8029333,1
2067583,10459135,1
2067583,10989774,1
10459135,10989774,1
8646166,12406817,1
8646166,9199438,1
8646166,9215116,1
12406817,9199438,1
12406817,9215116,1
9199438,9215116,1
8267206,7074083,1
9424519,2425076,1
14147462,14176864,1
6252060,2354737,1
8556400,9348906,1
8556400,6476871,1
8556400,8686290,1
9348906,6476871,1
9348906,8686290,1
6476871,8686290,1
2894088,10743243,1
2894088,10777931,1
10743243,10777931,1
2714484,10235063,1
2714484,3155203,1
10235063,3155203,1
2687511,12410292,1
9442549,9523180,1
10762448,10767410,1
10762448,10711834,1
10767410,10711834,1
11598465,11998765,1
11598465,8135963,1
11998765,8135963,1
8829000,2575215,1
11258619,936901,1
11258619,11296520,1
936901,11296520,1
3544927,12350517,1
2858881,3546023,1
4180641,4068669,1
6025274,740412,1
8440431,12179317,1
10439855,9084086,1
10439855,9178048,1
9084086,9178048,1
6791580,12672291,1
11476487,6825581,1
2783321,10242957,1
12170723,7986650,1
13266964,13164853,1
13266964,10401608,1
13266964,12753228,1
13164853,10401608,1
13164853,12753228,1
10401608,12753228,1
7976643,8058289,1
419123,7169228,1
419123,806366,1
7169228,806366,1
9778208,1417131,1
9085870,2218323,1
9085870,397866,1
2218323,397866,1
1693517,9706311,1
1693517,9681577,1
9706311,9681577,1
11692369,11704446,1
2805036,8513005,1
2805036,2793209,1
8513005,2793209,1
3259094,9982020,1
3259094,8944407,1
9982020,8944407,1
3715760,13244743,1
1972652,2493680,1
7936590,6358579,1
8280755,11325994,1
8357388,4045871,1
13689492,8579340,1
13689492,8451001,1
8579340,8451001,1
6768371,13533866,1
3103379,2877261,1
8087068,1142025,1
9179718,9195732,1
9179718,9114155,1
9195732,9114155,1
11461046,2579762,1
10307088,12672413,1
447427,13782222,1
1393987,9177234,1
3131784,6121020,1
6793332,3389087,1
9930208,9737737,1
8391924,139061,1
94990,121205,1
7000063,7982523,1
69593,96244,1
12055413,11214473,1
12073866,1974236,1
14174273,14164773,1
3677094,9907326,1
8233519,1052947,1
13062085,6514366,1
8372736,1028336,1
7890073,1144248,1
10810304,13714980,1
10140935,10117959,1
12978430,2352434,1
11491604,2559409,1
11491604,13865294,1
2559409,13865294,1
13767554,8082336,1
11913251,2408922,1
11913251,2424433,1
2408922,2424433,1
1254876,7972964,1
145401,2880350,1
145401,9862836,1
145401,3260364,1
2880350,9862836,1
2880350,3260364,1
9862836,3260364,1
6872026,9913134,1
9704280,9350108,1
9704280,13273677,1
9704280,12924542,1
9350108,13273677,1
9350108,12924542,1
13273677,12924542,1
2151983,10459109,1
12410837,2006132,1
10840239,10720369,1
12140921,8170864,1
1331630,1402025,1
7774525,1749230,1
9528092,9520270,1
11717420,13985180,1
6064352,521067,1
2224503,2257371,1
6893283,12934427,1
6893283,6859632,1
12934427,6859632,1
9479416,1400528,1
12795520,406401,1
6086729,541643,1
6086729,651617,1
541643,651617,1
10712750,4174258,1
1711609,11015769,1
1711609,2402493,1
11015769,2402493,1
10401848,10081160,1
11558407,10950225,1
11127571,2227706,1
1179043,2931786,1
11508253,4116949,1
11508253,8494657,1
11508253,6232469,1
4116949,8494657,1
4116949,6232469,1
8494657,6232469,1
9795041,1437556,1
11281618,1016883,1
3128138,6936168,1
13917158,6822310,1
13917158,6792829,1
6822310,6792829,1
2339822,6889996,1
805418,715154,1
805418,742533,1
805418,707124,1
715154,742533,1
715154,707124,1
742533,707124,1
10930620,10400670,1
355956,10196179,1
647772,7873829,1
13754589,574585,1
13754589,13747081,1
574585,13747081,1
119747,9979364,1
7050866,7460011,1
9818293,12507715,1
11446675,11431127,1
13688482,12336492,1
9723900,3289064,1
6057247,710827,1
13406682,1338686,1
1451829,821989,1
8656719,11346784,1
7035864,7418973,1
8045704,8712901,1
8045704,8712516,1
8712901,8712516,1
2935208,2997273,1
2935208,2978570,1
2997273,2978570,1
13985212,2887013,1
5855985,5895137,1
5855985,7972630,1
5895137,7972630,1
13162025,9916560,1
3904915,11778579,1
12916057,11160521,1
6079889,11875064,1
3884599,7732561,1
7649440,1050745,1
5845395,3360104,1
5845395,13072787,1
3360104,13072787,1
1050517,8529204,1
1050517,1109794,1
8529204,1109794,1
5924316,474255,1
274027,9040777,1
274027,9371050,1
9040777,9371050,1
7436712,11370335,1
2732428,8861099,1
1407794,14063193,1
6641446,11474920,1
13272240,13013201,1
2943972,2951048,1
2943972,10751879,1
2951048,10751879,1
11106951,11071298,1
676339,11858976,1
941533,1790449,1
941533,8317684,1
1790449,8317684,1
12243973,3311444,1
13107862,12393288,1
13107862,10382703,1
13107862,10412896,1
12393288,10382703,1
12393288,10412896,1
10382703,10412896,1
13234620,1713763,1
9358888,10171972,1
6468916,11237696,1
4082147,462789,1
4082147,674011,1
462789,674011,1
5991182,695888,1
5991182,627722,1
5991182,7179390,1
695888,627722,1
695888,7179390,1
627722,7179390,1
1699467,3674293,1
1699467,7654663,1
3674293,7654663,1
4181716,12838459,1
4181716,70974,1
12838459,70974,1
13138526,10566767,1
13138526,5878781,1
10566767,5878781,1
13816154,2738280,1
12339344,10974030,1
12339344,11921713,1
10974030,11921713,1
13733550,7779936,1
8208025,8339720,1
8208025,11961560,1
8339720,11961560,1
12958665,13321143,1
9129493,9369553,1
13520940,13184187,1
10751584,13284465,1
10751584,2094160,1
13284465,2094160,1
10521182,6287214,1
10933383,9195926,1
10933383,329314,1
9195926,329314,1
7605533,1972329,1
1681705,1254159,1
6737839,13771707,1
6737839,6970444,1
13771707,6970444,1
3789497,8936273,1
12790828,13868587,1
3287764,12398305,1
3227273,10296993,1
11248234,11189629,1
11248234,11260407,1
11189629,11260407,1
2958735,4084417,1
6529936,6500988,1
1142414,12069388,1
7035838,8679583,1
12840884,2792059,1
3297916,6749503,1
7646766,7186788,1
7980872,12340767,1
11950145,7865536,1
14057145,8967013,1
14057145,3020237,1
14057145,1180989,1
8967013,3020237,1
8967013,1180989,1
3020237,1180989,1
12643865,13692737,1
6779323,8868108,1
7748248,8126024,1
7054648,346773,1
484280,6130759,1
1122682,8366299,1
2855278,11647326,1
933713,7487678,1
2828676,2742333,1
13172546,3187239,1
11682311,11658289,1
785492,521742,1
785492,737962,1
785492,6094870,1
521742,737962,1
521742,6094870,1
737962,6094870,1
978674,8041374,1
12697753,13144896,1
13511605,323387,1
12810316,3713396,1
12810316,13266561,1
3713396,13266561,1
4002214,4182564,1
4087946,2971026,1
4087946,3029291,1
2971026,3029291,1
2686617,2415773,1
7037519,8062950,1
7037519,935513,1
8062950,935513,1
8269716,9658740,1
8269716,9690309,1
9658740,9690309,1
9156301,9284728,1
14173615,11725074,1
14173615,13137936,1
11725074,13137936,1
13972480,8328277,1
13972480,11937298,1
8328277,11937298,1
10774713,7993658,1
9434960,8502211,1
9968192,5948641,1
12605043,1123969,1
964940,11213838,1
7402817,8279454,1
7402817,11959568,1
8279454,11959568,1
11969042,970405,1
2800170,8837745,1
2800170,6781853,1
2800170,11459919,1
8837745,6781853,1
8837745,11459919,1
6781853,11459919,1
12135676,7545529,1
9114031,8840106,1
10322704,4085270,1
12850969,12378459,1
12850969,6611268,1
12378459,6611268,1
11191673,7561284,1
14028767,13816253,1
14028767,13905978,1
13816253,13905978,1
3800215,3811930,1
2280166,12611637,1
3180005,13036241,1
3180005,12954158,1
13036241,12954158,1
9803289,3456937,1
11463675,13849729,1
2891998,4078944,1
2891998,3886954,1
4078944,3886954,1
6757614,12992624,1
6757614,5903410,1
12992624,5903410,1
13746414,2372040,1
3051380,3048004,1
9405622,13386144,1
9405622,3719235,1
13386144,3719235,1
13024501,8625458,1
8126025,12189971,1
12076173,7727999,1
2395379,2463354,1
1696434,12329130,1
1696434,8215150,1
12329130,8215150,1
9885150,163226,1
9634391,55916,1
10675068,2955745,1
13148028,6570840,1
13148028,559579,1
13148028,7162517,1
6570840,559579,1
6570840,7162517,1
559579,7162517,1
7777637,11304549,1
8539388,13767077,1
8313323,1683167,1
8313323,1635865,1
1683167,1635865,1
3270714,9754036,1
9891559,12941543,1
2615105,6225602,1
1743587,13251289,1
1743587,13129569,1
1743587,9855787,1
13251289,13129569,1
13251289,9855787,1
13129569,9855787,1
11908802,243983,1
12021724,6468179,1
3525002,3381058,1
253231,11977388,1
6369878,201364,1
3911261,5960553,1
2369395,13291031,1
7075348,1547983,1
8099838,3079148,1
1431785,1424617,1
1431785,11142954,1
1431785,11115268,1
1424617,11142954,1
1424617,11115268,1
11142954,11115268,1
1635965,7434013,1
10016468,2174818,1
979450,11251938,1
9799546,187863,1
1764636,12528141,1
1764636,9739798,1
12528141,9739798,1
1229019,846302,1
927325,840280,1
927325,1540818,1
840280,1540818,1
1670374,11439280,1
10594223,6203470,1
10362375,3742818,1
10362375,13600886,1
10362375,13250963,1
3742818,13600886,1
3742818,13250963,1
13600886,13250963,1
6782057,9172025,1
6782057,6758370,1
9172025,6758370,1
2164586,9268753,1
7073898,1951282,1
7054061,1672140,1
948753,1133597,1
948753,1014413,1
1133597,1014413,1
12530668,2722157,1
246184,2035214,1
7321093,9655824,1
5960577,556532,1
560571,9657130,1
12390139,6814273,1
9364761,636869,1
7494643,8907350,1
11649472,11637223,1
11649472,241228,1
11637223,241228,1
847058,8631138,1
8432706,7035527,1
6094595,11371107,1
12609994,13148468,1
12959838,3359625,1
12417570,13133286,1
1388604,2241049,1
810656,6514220,1
1503357,6723051,1
1503357,1540547,1
6723051,1540547,1
4114315,10599896,1
13663178,13673999,1
7022332,1189217,1
6818201,12666411,1
6818201,6765285,1
12666411,6765285,1
6420555,1826260,1
5888483,6793296,1
5888483,6647618,1
5888483,13391975,1
6793296,6647618,1
6793296,13391975,1
6647618,13391975,1
7364784,1133093,1
3902446,8602987,1
14166792,4114404,1
14166792,11670297,1
4114404,11670297,1
469193,5961455,1
7025535,3108494,1
498682,450512,1
318890,3620957,1
318890,334787,1
318890,9218417,1
3620957,334787,1
3620957,9218417,1
334787,9218417,1
12512973,1780379,1
1480612,7040031,1
13237185,3998508,1
5889083,1772158,1
13715824,11640106,1
13715824,8234864,1
11640106,8234864,1
3607566,12925627,1
3100366,3910480,1
3100366,3955415,1
3100366,345279,1
3100366,3105193,1
3910480,3955415,1
3910480,345279,1
3910480,3105193,1
3955415,345279,1
3955415,3105193,1
345279,3105193,1
2831845,13053321,1
6568845,7148793,1
13774410,12549383,1
10121570,10148151,1
10121570,1881102,1
10148151,1881102,1
7949496,564101,1
7949496,6152715,1
7949496,13911936,1
564101,6152715,1
564101,13911936,1
6152715,13911936,1
14183738,3877986,1
14183738,16598,1
3877986,16598,1
6617679,12670808,1
6617679,13573667,1
12670808,13573667,1
9689580,10383966,1
2511658,12283760,1
7982436,8410864,1
7982436,7746299,1
8410864,7746299,1
6373186,1671771,1
9537069,10346034,1
10231484,9245605,1
2679132,10122811,1
2679132,2658394,1
2679132,6225489,1
10122811,2658394,1
10122811,6225489,1
2658394,6225489,1
13511220,6611567,1
10589373,2134645,1
10589373,12048063,1
2134645,12048063,1
2909671,2853181,1
2909671,2842329,1
2853181,2842329,1
12798760,5902454,1
12798760,6876111,1
5902454,6876111,1
2166244,1316689,1
2166244,1345898,1
1316689,1345898,1
8705611,890322,1
971136,11193209,1
7239448,7012803,1
10567568,12827398,1
